id,date,postId,user/id,user/name,user/profilePic,user/profileUrl,url,text,likesCount,commentsCount,viewsCount,sharesCount
UzpfSTU2MDc4ODc2MToxMDE2MTIwMjI5NjI1Mzc2MjoxMDE2MTIwMjI5NjI1Mzc2Mg==,2023-11-08T16:14:38.000Z,1.01612E+16,pfbid02yrXH15YwpQFooFKRr8hAoZqaqzF7o4SbS7eCuXjPqrMmkiVKXPomWBcvfSZ5uSoXl,Manal Yassine,https://scontent-mia3-2.xx.fbcdn.net/v/t39.30808-1/348582555_550769153882606_7971885207209018185_n.jpg?stp=cp0_dst-jpg_p40x40&_nc_cat=105&ccb=1-7&_nc_sid=5f2048&_nc_ohc=Sx1fajARAZsAX_L5NDz&_nc_ht=scontent-mia3-2.xx&oh=00_AfBmwGHT4s8mzGSyBZPFjD-vlAHmyc9KhIx7XTwBD01jqg&oe=6552A943,,https://www.facebook.com/manal.woloszyn/posts/pfbid0wBZ8GiUutsCnoKtjo2yPVxGBbtodRdwNm4cBPXfMcnp85fjPRwWRCjT8PJ63xLKtl,Pain is visible on her face while making this cake😪 a beautiful cake of a very heart breaking situation 😔#fypシ゚viral #اكسبلورexplore #followers #l #freepalestineforever #PalestinianLivesMatter #PalestineWillBeFree #cakelover #cakemasters #gaza_under_attack_now #غزه #stopkillinginnocentcivillians #stop #stopwar #StopGenocide #freedomofspeech #humanity,52,10,,7
UzpfSTEwMDA0OTI4NjI2MTk0Mzo4NjM3ODc2Mzg2MDc0Mzc6ODYzNzg3NjM4NjA3NDM3,2023-10-12T11:30:09.000Z,8.63788E+14,1.00049E+14,HanAvi Ana,https://scontent-mia3-2.xx.fbcdn.net/v/t39.30808-1/393401620_866279755024892_7728024684617391443_n.jpg?stp=cp0_dst-jpg_p40x40&_nc_cat=107&ccb=1-7&_nc_sid=5f2048&_nc_ohc=gKmDIZyxGRgAX8qg_QY&_nc_ht=scontent-mia3-2.xx&oh=00_AfBPVLfwX4E95z503rmBgVkWb_VBCEUaPzWwm2yn3cNYNA&oe=65526674,,https://www.facebook.com/ivana.ang.505/posts/pfbid02DkVdZzPrcowbLTRmMnzE2dy3NHhTe9iW6NYKcnexPdGb7ReAAp9kdDNe26oStMNkl,"God bless you 🙏
 #PRAYFORWOLD #stopwar 
 #fypシ゚viral #everyone #viralvideo #friends",14989,1184,148142,1535
UzpfSTEwMDA2NTQxNDA4Mjc4NTo3MDAzMjg0NzU0OTA5NDk6NzAwMzI4NDc1NDkwOTQ5,2023-11-07T15:21:51.000Z,7.00328E+14,1.00065E+14,EXPRESS ART MOVIE,https://scontent-mia3-1.xx.fbcdn.net/v/t39.30808-1/306779055_457803549743444_3981080738703863971_n.jpg?stp=c9.0.40.40a_cp0_dst-jpg_p40x40&_nc_cat=100&ccb=1-7&_nc_sid=5f2048&_nc_ohc=69LbCM86vogAX_Ic-kE&_nc_ht=scontent-mia3-1.xx&oh=00_AfDpGAKvwZbeEVW6Zg3f9dXYA5r2YYjEN4dHdLmKhysTFw&oe=65535F7E,https://www.facebook.com/people/EXPRESS-ART-MOVIE/100065414082785/,https://www.facebook.com/permalink.php?story_fbid=pfbid06CtahtRzEXjp5TKuMAeBak4BUGfSfjERqdkF8MQVyBKYvSMBeTPHRaZA1385ggBml&id=100065414082785,#indonesiapalestina #indonesia #palestine #savegaza #savehumanity #savepalestine #stopwar #freefire #freepalestine #freegaza #istandwithpalestine,771,147,7116,414
UzpfSTEwMDA0NDUyOTc4NTU0ODo1NTAyOTc2ODY0NjQ1NTM6NTUwMjk3Njg2NDY0NTUz,2022-04-23T09:27:30.000Z,5.50298E+14,1.00045E+14,Павло Табаков,https://scontent-mia3-2.xx.fbcdn.net/v/t39.30808-1/384336670_874978873996431_1590006511819419195_n.jpg?stp=cp0_dst-jpg_p40x40&_nc_cat=105&ccb=1-7&_nc_sid=5f2048&_nc_ohc=sHboytMzqL8AX9984dR&_nc_ht=scontent-mia3-2.xx&oh=00_AfAPAMMfYxiW6T7bLxboE1P1sh5c6c0aB74ScgzTBGLQ0A&oe=65530998,https://www.facebook.com/Pavlo.Tabakov,https://www.facebook.com/Pavlo.Tabakov/posts/pfbid02sBNaxd1tkP3pB8y7zXkcQ21DVmesBUTFemgFvNW9NNiwwnZ2i2XA618Gi7aHhAFJl,"НАШ МАРІУПОЛЬ - прем'єра 2022! 
https:/\/youtu.be\/QjnKSY1Ac_M 
«Наш Маріуполь» - пісня про героїв, для яких найбільший страх - зламатися духом. «Наш Маріуполь, воля, як зброя, \/ Люди, як море, ці люди – герої! \/ Люди зі сталі, люди відважні, \/ Страшно не вмерти - зламатися страшно», - слова, у яких вся звитяга і весь біль українського народу. 
*
Слова – Лідія Лазурко
Музика – Павло Табаков \/ Pavlo Tabakov
Запис, зведення, мастеринг – Андрій Бакун \/ Bakun
Обкладинка - Марія Лонюк \/ @art.malon
Відео - Артур Попітак, Ольга Мурга   
Промо – Галина Гузьо \/ Galyna  Guzjo
Фінансовий партнер – Олександр Бережанський 
*
-  «Наш Маріуполь» - не просто пісня. Кожне слово, кожна нота - як оголений нерв, - розповідає Tabakov. – Лірику створила поетеса Лідія Лазурко, з якою ми написали уже кілька десятків пісень. Маріуполь – місто-символ героїчної боротьби українського народу за волю своєї землі. Місто, яке російська армія не може взяти уже два місяці. Місто, яке стоятиме до переможного кінця. Місто, яке уже увійшло в історію України та світу. Місто Марії, якому уже зараз присвячують пісні.  
*
Ідея пісні «Наш Маріуполь» з’явилася у «Міжнародному штабі гуманітарної допомоги українцям» у Львові під час спілкування з хлопцями-волонтерами, яким вдалося вибратися з блокадного Маріуполя. Одному з хлопців загрожувала смерть тільки за те, що у нього тіло вкрите патріотичними татуюваннями, інший розповідав про невимовні страждання людей, які залишилися без їжі, води, світла та можливості почути рідних… Найбільше вразила історія про 20-річного хлопця з Донеччини, який не пройшов фільтрацію, був примусово мобілізований до лав орків у підрозділ «одноднєвок» - людей без зброї, яких під дулами автоматів відправляють на поле бою - як приманку - для розкриття вогневих позицій українських захисників та перевірки місцевості на наявність вибухових приладів. Єдине, про що він просив цивільних, - це записати номер телефону і, коли появиться мобільний зв’язок, передзвонити мамі та сестрі в Одесу й передати їм, що він їх сильно любить і що не зрадив Україну.
*
Обкладинкою синглу «Наш Маріуполь» стала ілюстрація київської художниці Марії Лонюк \/@art.malon, яка від початку війни створила десятки промовистих ілюстрацій на теми боротьби українців і злочинів росіян.    
*
Нагадаємо, за останні два місяці Tabakov презентував також пісні «Забирайся, війна!» (https:\/\/www.youtube.com\/watch?v=S1W_PuL5ASs) і «Брате мій, вставай!» (https:\/\/www.youtube.com\/watch?v=gw6E3RrvHIQ). 
*
НАШ МАРІУПОЛЬ

І.
Місто Марії, наш Маріуполь,
Знищена мрія, зірваний купол.
Мирний, а з неба градом, вогнями 
Сипле на землю ворог без тями.  

Місто на попіл, попіл у серце
Кожного з нас, не стихаючи б'ється. 
Місто Марії, о, сили небесні, 
З попелу цього місто воскресне.

Приспів:  
Наш Маріуполь, воля, як зброя, 
Люди, як море, ці Люди – герої!
Люди зі сталі, люди відважні, 
Страшно не вмерти - зламатися страшно. 

ІІ.
Місто Марії, наш Маріуполь
В попелі гріє зв'язані руки. 
Люди – мішені, кулі як шершні.
Як це забути? Не бачити все це?

Місто на попіл, попіл у серце
Кожного з нас, не стихаючи б'ється. 
Місто Марії, о, сили небесні,
З попелу цього місто воскресне. 

Приспів.

Наш Маріуполь… 

*
#StopWar #Mariupol #ПісніПеремоги #RussiaAttacksUkraine #StopRussianAggression #Tabakov #СлухайУкраїнське",149991,2860,3263298,82967
UzpfSTEwMDA3NTk5MzA0NDU1MTozNTU2NjA3MjM2NDM2OTM6MzU1NjYwNzIzNjQzNjkz,2023-11-07T14:00:06.000Z,3.55661E+14,1.00076E+14,Dharshan Thavaraja,https://scontent-mia3-2.xx.fbcdn.net/v/t39.30808-1/392953841_344853678057731_676096548610035457_n.jpg?stp=cp0_dst-jpg_p40x40&_nc_cat=103&ccb=1-7&_nc_sid=5f2048&_nc_ohc=Zdkmty0zSbcAX9EHqZz&_nc_ht=scontent-mia3-2.xx&oh=00_AfCdlN-y4X2AGDb1MP_KoMD_P2tf-QqH10esiFCOgqiBOA&oe=6553758F,https://www.facebook.com/DharshanThavaraja,https://www.facebook.com/DharshanThavaraja/posts/pfbid02noMGZDW7MqcXQ2XciudqYQNopMebLHbnfL9K86KnNite26abjSe2Zrt6iuBuk2Rel,"මමත් Israel, Palestine ගියා ! 🇮🇱 🇵🇸

So many srilankans living there, may god protect them & keep them safe 🙏🏼
#Israel #Palestine #war #IsraelPalestineWar #bethlehem #birthplaceofJESUS #SriLanka #travel #stopwar #dharshanthavaraja",797,87,15775,50
UzpfSTEwMDA4MDE4MDczNjIxNDozMzg3NDU5MTIxNDE0MzE6MzM4NzQ1OTEyMTQxNDMx,2023-10-14T02:06:38.000Z,3.38746E+14,1.0008E+14,Waz Tv,https://scontent-mia3-1.xx.fbcdn.net/v/t39.30808-1/379779117_324432716906084_619404514999237764_n.jpg?stp=cp0_dst-jpg_p40x40&_nc_cat=1&ccb=1-7&_nc_sid=5f2048&_nc_ohc=HKrWktw3D5sAX9YXVuZ&_nc_ht=scontent-mia3-1.xx&oh=00_AfAamNbK8E3-lAktzMbuIBjF8vmgIlTaC3SnVhhoLfhglw&oe=6552F8FB,https://www.facebook.com/waztv0,https://www.facebook.com/waztv0/posts/pfbid022g1b6TedBZ6b8xbSQzxgDNxdN3p1DPhi9VYhUy8EtgQ98MERJbAvhxPWr3nvS7xDl,"এক শিশুর আবেগঘন বক্তব্য,""আপনারা নামাজ পড়েন ৫ ওয়াক্ত আমরা নামাজ পড়ি ৬ ওয়াক্ত"" ‼",463907,1583,4634405,28706
UzpfSTEwMDAyOTkxNjY5Njg1NjoxMDU3MDc4OTgxOTY1OTgy,2023-10-14T15:10:19.000Z,1.05708E+15,1.0003E+14,BryAngie Ebs Allonep,https://scontent-hou1-1.xx.fbcdn.net/v/t39.30808-1/395201867_1063693964637817_3823293123909433004_n.jpg?stp=cp0_dst-jpg_p40x40&_nc_cat=104&ccb=1-7&_nc_sid=5f2048&_nc_ohc=9HgJb5yukOYAX9ySI_a&_nc_ht=scontent-hou1-1.xx&oh=00_AfACpjuUpanhCh8hcUZiopeAzC8BZ1_4T-WVjWLFR0mW5A&oe=65532D27,,https://www.facebook.com/kobe.penolla.9/posts/pfbid02m1ATMsV7hVPk9fRCEnvPKa9m5LwmSxAFxVaPstrZzQApTi6gNitiv17tPErGwCMXl,#fbreelsfypシ゚viral #viralreels #fbreelsvideo #peace #stopwar,7872,1184,308607,727
UzpfSTEwMDA0NDM0NDYzMzU1Nzo4NzQ2MDcyNTQwMjc0MjE6ODc0NjA3MjU0MDI3NDIx,2023-11-06T13:05:26.000Z,8.74607E+14,1.00044E+14,I Sansoni,https://scontent-hou1-1.xx.fbcdn.net/v/t39.30808-1/365248854_830905671730913_1340353471053623944_n.jpg?stp=c684.38.750.750a_cp0_dst-jpg_s40x40&_nc_cat=104&ccb=1-7&_nc_sid=5f2048&_nc_ohc=I2jBAGnZcP4AX_1tnd2&_nc_ht=scontent-hou1-1.xx&oh=00_AfD1tcdqnEUKOzPplw-oY_ZqO7U_UXarcPCNcOT5F3mohQ&oe=65539015,https://www.facebook.com/ffSansoni,https://www.facebook.com/ffSansoni/posts/pfbid03462XYgCJo6tfbYA3yPCozvYS1SyoHWc2AeH7Rd5jz2sT8Zv2NX8aDgR3JgpJxTGRl,"Per una striscia di torta... 
 #stopwar #isansoni",16613,1021,353115,7391
UzpfSTEwMDAyNTM4MjA0MDMyNDpWSzozNjAwMjM4OTQzNjM1OTc1,2023-11-07T14:13:09.000Z,3.60024E+15,pfbid0oUtJbocgs3jdHr3wbMsGduKAXJdLcGxfVJ2TVfnDgQcGPUVGR8Qwyz8r4PgffRWol,Winter Zen,https://scontent-hou1-1.xx.fbcdn.net/v/t39.30808-1/387744143_1469200603935994_2026928128032031164_n.jpg?stp=cp0_dst-jpg_p24x24&_nc_cat=103&ccb=1-7&_nc_sid=5f2048&_nc_ohc=xl0yJn4t4dsAX_uwWjI&_nc_ht=scontent-hou1-1.xx&oh=00_AfB9nSe9fn6LUrG2PCpY8eiiKxsZvvlwnQUZZ7UQJpMa_g&oe=6553570A,,https://www.facebook.com/groups/2985006348492574/permalink/3600238943635975/,"Sometimes you can see the world better with your eyes closed 🫣 no peeking 🤭

Good night everyone...I hope the world will be better tomorrow with lots of smiles

Stay safe, stay healthy, stay pretty, be happy and extraordinary 🌹🤗

#fyp #fypシ゚ #betterworld #happiness #stopwar #WangYiren #EVERGLOW",106,13,,5
UzpfSTEwMDAwODE4Mzg1NzUwNDozNjIyNTU3ODA4MDI2OTc5OjM2MjI1NTc4MDgwMjY5Nzk=,2023-11-05T02:29:26.000Z,3.62256E+15,1.00008E+14,Sri Martini Sembiring,https://scontent-hou1-1.xx.fbcdn.net/v/t39.30808-1/295911403_3284735211809242_4372441728307820918_n.jpg?stp=cp0_dst-jpg_p40x40&_nc_cat=100&ccb=1-7&_nc_sid=5f2048&_nc_ohc=CvxJE3zKOoQAX-5FZ_O&_nc_ht=scontent-hou1-1.xx&oh=00_AfABO0sUfm2kNK5QFuGGjlaTMwS41O-I9_BQy_iOp7_76w&oe=6553BCDA,,https://www.facebook.com/srimartinisembiring/posts/pfbid029p2Wk1VLUAShiyaG1CQ2ZqBVSVV4WE5gQZhJfyLbQddFXv53wadsUaFatauNfAmpl,"Masya Allah, cantiknya luar biasa 😍😍😍😍😍
#freepalestine #palestine #stopwar #humanity",259,25,2064,32
UzpfSTEwMDAxMDU0NjY4MzAzMjoyMDIzNjQ5OTc0NjYzMjA2OjIwMjM2NDk5NzQ2NjMyMDY=,2023-10-13T12:05:58.000Z,2.02365E+15,1.00011E+14,Nguyèn Lee Tràn,https://scontent-hou1-1.xx.fbcdn.net/v/t39.30808-1/328861080_717931169929539_5141021875103237245_n.jpg?stp=cp0_dst-jpg_p40x40&_nc_cat=109&ccb=1-7&_nc_sid=5f2048&_nc_ohc=z5riqUIl97cAX_Bf_CE&_nc_ht=scontent-hou1-1.xx&oh=00_AfAlKDd5v7kfx6xa9uwfTJ1xfCYUufKC3fvrgzsB8F5fpw&oe=6551EF44,https://www.facebook.com/kimwanlee.zolieyem.5,https://www.facebook.com/kimwanlee.zolieyem.5/posts/pfbid02ki1xppMQ72NsbFLdkJooENEVs5xGfZwgxD83vwFSpgYhdCHfEvFsP8CDt6MEgqBLl,Keep strong bro🥺🥺 #virareels #stopwar,26384,756,163042,1642
UzpfSTEwMDA5MzA5MTM0MDgzOToyMTU0NjI3MTE1NjY3NzI6MjE1NDYyNzExNTY2Nzcy,2023-11-05T10:00:57.000Z,2.15463E+14,1.00093E+14,Nowfal Md Safiulla,https://scontent-hou1-1.xx.fbcdn.net/v/t39.30808-1/350508473_776589560798640_6414713083710354983_n.jpg?stp=cp0_dst-jpg_p40x40&_nc_cat=104&ccb=1-7&_nc_sid=5f2048&_nc_ohc=0HIa2ekASTMAX9vC2IX&_nc_ht=scontent-hou1-1.xx&oh=00_AfDzaxpw2RX4duouExMdqGIMHM4XUYYL6L7_TfgmQK-iKg&oe=6552869E,https://www.facebook.com/nmsafiulla,https://www.facebook.com/nmsafiulla/posts/pfbid0WUibsiMogeff46Q2zXDvfbXKnq2CVE2Dwa2RDq7xxunNqHjbx3tuoX6Sfrr5jxRgl,"মানবতার শত্রুদের দ্বারা সংঘটিত গাজা ভূখণ্ডে অনৈতিক যুদ্ধ বন্ধ করো।
মানবতার জয় হোক ✊
 #nmdsafiulla #IsraelPalestineWar 
 #stopwar #Gaza",337,3,2574,30
UzpfSTEwMDA0OTg1NzMyMTc0NDo4MTc5MjM4NjY1NDYxODM6ODE3OTIzODY2NTQ2MTgz,2023-08-31T22:14:50.000Z,8.17924E+14,1.0005E+14,Enrique Tj,https://scontent-ord5-2.xx.fbcdn.net/v/t39.30808-1/364141060_803480801323823_724730228854320595_n.jpg?stp=cp0_dst-jpg_p40x40&_nc_cat=104&ccb=1-7&_nc_sid=5f2048&_nc_ohc=mHbXDEFvTdkAX9-YZBn&_nc_ht=scontent-ord5-2.xx&oh=00_AfDfdSni6Tz8QP90WY1sEjzM-BTxOngMXaVWxMXswV5dzQ&oe=655345BE,https://www.facebook.com/frida.caro.330,https://www.facebook.com/frida.caro.330/posts/pfbid0HPbfzyCNb7LMsdWs61pb6yRDEjeVHcT5P9xuGuhhvd5894iaWAuaDobamB3LpVvSl,#BobMarley #bobmarleymusic #bobmarleyquotes #reggae #bobmarleyandthewailers #nomorewar #stopwar #blacklivesmatter,14611,195,184319,6902
UzpfSTEwMDAwMDkyODI5MjM4MDoyNDUxMDU0MTI2ODU2MDE0MzoyNDUxMDU0MTI2ODU2MDE0Mw==,2023-11-06T18:23:57.000Z,2.45105E+16,1.00001E+14,Maddy Bint Abdul Jabbar,https://scontent-man2-1.xx.fbcdn.net/v/t39.30808-1/386647570_24318397394441199_2583269645103216255_n.jpg?stp=cp0_dst-jpg_p40x40&_nc_cat=110&ccb=1-7&_nc_sid=5f2048&_nc_ohc=WR7jAffztagAX-oHZ9D&_nc_ht=scontent-man2-1.xx&oh=00_AfCb_u-Z4RlIxXDUWRKYMQa2YQEUugMZhUvnh9bDHiZh3w&oe=6552BAF3,,https://www.facebook.com/ludbadijam.otamod/posts/pfbid029QSJczpv6u2Ud56ysoPakEKG2G55YMaQDz7ZW82EfJYrYoU54hk1N3Wm2t2hhh6Jl,"Save Palestinian people
#savepalestine #SaveTheChildren #savethemuslims #stopwar #FreePalestine",1,19,19,0
UzpfSTEwMDAyNTM4MjA0MDMyNDpWSzoxNDY4NjYyNDY3MjQ2Mjgy,2023-11-07T14:06:21.000Z,1.46866E+15,pfbid0oUtJbocgs3jdHr3wbMsGduKAXJdLcGxfVJ2TVfnDgQcGPUVGR8Qwyz8r4PgffRWol,Winter Zen,https://scontent-man2-1.xx.fbcdn.net/v/t39.30808-1/387744143_1469200603935994_2026928128032031164_n.jpg?stp=cp0_dst-jpg_p24x24&_nc_cat=103&ccb=1-7&_nc_sid=5f2048&_nc_ohc=xl0yJn4t4dsAX-IvuLw&_nc_ht=scontent-man2-1.xx&oh=00_AfAZWHbUEF4VCNTpqPEeOASkuKaYbcz7Xkc3-IEV4fXL0Q&oe=6553570A,,https://www.facebook.com/groups/230840991028442/permalink/1468662467246282/,"Sometimes you can see the world better with your eyes closed 🫣 no peeking 🤭

Good night everyone...I hope the world will be better tomorrow with lots of smiles

Stay safe, stay healthy, stay pretty, be happy and extraordinary 🌹🤗

#fyp #fypシ゚ #betterworld #happiness #stopwar #iu #UAENA",2217,37,,22
UzpfSTEwMDA0NDU2MjU3NDA5Mjo1MTM4MTgwOTY3ODAyNzI6NTEzODE4MDk2NzgwMjcy,2022-03-13T23:02:49.000Z,5.13818E+14,1.00045E+14,Gogol Bordello,https://scontent-man2-1.xx.fbcdn.net/v/t39.30808-1/275002040_506246837537398_7120872262583940748_n.jpg?stp=cp0_dst-jpg_p40x40&_nc_cat=105&ccb=1-7&_nc_sid=5f2048&_nc_ohc=RGza2HeintcAX9uRmwH&_nc_ht=scontent-man2-1.xx&oh=00_AfDSj1r9H0PMYzSf359mNmzapp3u0uKs_vdovudeh0lYBw&oe=655247A9,https://www.facebook.com/gogolbordello,https://www.facebook.com/gogolbordello/posts/pfbid0YM47cm4EdL97BzyYXemu7Cf6WPoFPZuNDrxsd5hu4c62L7Y3Z9QtKwr263mSdrnUl,"Pro-Boxer World Star Wladimir Klitschko 🇺🇦/brother of KYIV’s Mayor @vitaliyklitschko) says it like it is: 
#Repost from @klitschko 

Support Ukraine : https:\/\/ukrainewar.carrd.co

#StopTheWar #StandWithUkraine #Standtogether #FreeUkraine #Ukraine #StopWar",78754,5862,1867385,14804
UzpfSTEwMDA2NjY2MjEzNTg0MTo2NzM3NjI1NzE1MjI0NzU6NjczNzYyNTcxNTIyNDc1,2023-10-21T11:26:24.000Z,6.73763E+14,1.00067E+14,Moeen Ali,https://scontent-man2-1.xx.fbcdn.net/v/t39.30808-1/386755431_667510715480994_2814312273412357873_n.jpg?stp=cp0_dst-jpg_p40x40&_nc_cat=108&ccb=1-7&_nc_sid=5f2048&_nc_ohc=rbTCnOWOb_MAX9Mi_-4&_nc_ht=scontent-man2-1.xx&oh=00_AfDNdMYWyQyBuHc2ATyEvRiquaI7ZaryDLedlkGtkJnFTw&oe=65522444,https://www.facebook.com/cricket09127,https://www.facebook.com/cricket09127/posts/pfbid0P7hw7HM1m2rmwRX4rJvRMDwK2kUqM1jQyoJfKS5zhppQpvbg2cYryh7QwGsZNdevl,"Palastine Doctor crying 😭 , His brother and father were killed by Israel #Palestine #stopwar #peace",370,20,5160,12
UzpfSTEwMDAzNjg2ODM0NDM0OToxMDExOTY0NDQ2NzA5MTU3OjEwMTE5NjQ0NDY3MDkxNTc=,2023-11-08T03:05:42.000Z,1.01196E+15,1.00037E+14,Organonfire,https://scontent-man2-1.xx.fbcdn.net/v/t39.30808-1/335395055_960167585341483_8710549730361326775_n.jpg?stp=c0.17.40.40a_cp0_dst-jpg_p40x40&_nc_cat=102&ccb=1-7&_nc_sid=5f2048&_nc_ohc=wRJaqzimvskAX-lQW6f&_nc_ht=scontent-man2-1.xx&oh=00_AfBjAgPQnZ636h_6xBZwaS-h2Wk3HI-Jo476Gb07Mw0emw&oe=655244F9,https://www.facebook.com/Organonfire,https://www.facebook.com/Organonfire/posts/pfbid02bs4KE815Pi6ff4EZRGwevhuwwidtpr5u4C7kG4rHWwVeHWpp43LcoPTqPSPsodAnl,"✌️& 🫶
#Organonfire #AiArt
💙💬♻️ 
✅️𝑭𝒐𝒍𝒍𝒐𝒘 𝒎𝒆 𝒇𝒐𝒓 𝒎𝒐𝒓𝒆 𝒄𝒐𝒏𝒕𝒆𝒏𝒕
#art #bluewillowai #LimeWireAi 
#stopwar #nowars #peace",19,0,163,13
UzpfSTEwMDAwMDE2MDQwNTY0Njo3NjY1MjI1NzEwMTU5MzY2Ojc2NjUyMjU3MTAxNTkzNjY=,2023-11-07T23:10:17.000Z,7.66523E+15,1E+14,Nawfal El Madani,https://scontent-man2-1.xx.fbcdn.net/v/t39.30808-1/343019389_1079341286365325_6629855699565702971_n.jpg?stp=cp0_dst-jpg_p40x40&_nc_cat=103&ccb=1-7&_nc_sid=5f2048&_nc_ohc=YeLemmM_yHcAX90aUC-&_nc_oc=AQm6FprqNEZ9Gt0D0Eis-wxxR5Ym3FCEznDSJUshiFcpHajRDQ99cSgCo072s_UeBxM&_nc_ht=scontent-man2-1.xx&oh=00_AfAj65Bxuk411eG-81KFtklDNFjSiVWh4zHro6Pu10A4Vg&oe=65533187,https://www.facebook.com/Nawfal.EL.madani,https://www.facebook.com/Nawfal.EL.madani/posts/pfbid01NmRFHBAofU43UdWL5VWAvSpnRwkUXvMZsJGa1hJ3uLDoPj3euyzTMbYNUuFy4Vhl,"From the river to the sea, 
Palestine 🇵🇸 will be free . 

Teaching our children to be compassionate and express solidarity with Palestinian children in Gaza is a valuable lesson in empathy, understanding, and global citizenship. It helps them become more aware of the world's challenges and encourages them to work towards a more compassionate and peaceful future

#أوقفوا_الإبادة  #CeasefireForGazaNOW #FreePalestine #FreeGaza #فلسطيني #stopwar",25,5,107,2
UzpfSTEwMDAwMjU0NTczODQ5MDo2ODc3NjM0NjM1NjY0NjU5OjY4Nzc2MzQ2MzU2NjQ2NTk=,2023-11-09T18:33:09.000Z,6.87763E+15,1.00003E+14,Killom Lalbagi,https://scontent.fmem1-1.fna.fbcdn.net/v/t1.6435-1/78487486_2648936311867867_2941052274106957824_n.jpg?stp=cp0_dst-jpg_p40x40&_nc_cat=101&ccb=1-7&_nc_sid=0222cc&_nc_ohc=RzbWPjag5g4AX8gn2x_&_nc_ht=scontent.fmem1-1.fna&oh=00_AfDht2Cj8kbvzYdpoBTU6nLdW45eP0C288Ay3mCUdqhUhQ&oe=65758207,https://www.facebook.com/studiolalbagi,https://www.facebook.com/studiolalbagi/posts/pfbid0eHW8yyVQhp3nvmPqWn63kT5b3ZJmdte4cJ23CbhjNK9mNkexB2hbmWCnDshUsvHil,"Fruitful war (2)

#AIPromptEngineering
#aiconceptart
#aiexperiments
#stopwar",55,2,,8
UzpfSTExMzM2NDc4MzQ6MTAyMjk5NzIwMzA5ODE1NTc6MTAyMjk5NzIwMzA5ODE1NTc=,2023-11-09T00:52:09.000Z,1.023E+16,pfbid037awSoEVZhtaXuN3GJbayiHhaHYk8pzTg5GpC2YttNo9rx72ijKKrCEXFtih8z3Ftl,Pernell Richard Sutrisno,https://scontent.fmem1-1.fna.fbcdn.net/v/t1.6435-1/129267173_10222974975419541_4478988338518430199_n.jpg?stp=cp0_dst-jpg_p40x40&_nc_cat=100&ccb=1-7&_nc_sid=2b6aad&_nc_ohc=x_tPNuSEgisAX-HTmZd&_nc_ht=scontent.fmem1-1.fna&oh=00_AfC_1YquCaR3PnNKnuGwGJtUVWgPyPh8CxBl46ERKdjfKg&oe=65758129,https://www.facebook.com/pernell.sutrisno,https://www.facebook.com/pernell.sutrisno/posts/pfbid0ES2fcaWS7ruVTWssvDcEMVomk7n41SRUBzMV67HYyRQwqvNGTdKuTWXbpiGayF8il,"Peace ✌️ on earth 🌎 #peace,Ursula Telussa,#travel,#stopwar",36,9,,0
UzpfSTEwMDA4MTU5NTQ5NTAxMTozMjM4OTQ0ODAzNDAzOTk6MzIzODk0NDgwMzQwMzk5,2023-10-29T08:05:02.000Z,3.23894E+14,1.00082E+14,fitriyuliana39,https://scontent.fmem1-2.fna.fbcdn.net/v/t39.30808-1/394482881_319695867426927_3537270792466029474_n.jpg?stp=cp0_dst-jpg_p40x40&_nc_cat=108&ccb=1-7&_nc_sid=5f2048&_nc_ohc=1kZsuEs3h20AX-4oive&_nc_ht=scontent.fmem1-2.fna&oh=00_AfALrPJLc3EFN46LN8v4eSrRlL5ZVbsprT_jr2WkTNXgcA&oe=6552945D,https://www.facebook.com/people/fitriyuliana39/100081595495011/,https://www.facebook.com/permalink.php?story_fbid=pfbid02gkTXc3YEWcTcv31c4nuvf2WKTSV4BjNVoUeUoAyvRZSatoGfrkFuMuYy8BkhyrCal&id=100081595495011,"Untuk kaum Nasrani di Indonesia kalian harus lihat ini, jadi stop kalian jadi pendukung 1r43l.

#stopwar #stopgenocide #freepalestine #onepostonelife #gazaunderattack #westandwithpalestine",78,9,1510,80
UzpfSTEwMDA2Nzg0MDU1Mjk5NTo2NDkyOTY0MTczNDE3MDQ6NjQ5Mjk2NDE3MzQxNzA0,2023-10-17T22:06:32.000Z,6.49296E+14,1.00068E+14,Palestine under attack,https://scontent.fmem1-2.fna.fbcdn.net/v/t39.30808-1/301788642_397575959180419_1516389197682159431_n.jpg?stp=cp0_dst-jpg_p40x40&_nc_cat=111&ccb=1-7&_nc_sid=5f2048&_nc_ohc=lCKhoezQg7MAX8c0bHu&_nc_oc=AQm5uOXFkEAUJLcd2d8C9TC8XaVMsvmgdOEtMzxMKJkBjiw5xdDUY22PFOFRBtnV2CvVFH8qZWW66qTLRTIbyGGc&_nc_ht=scontent.fmem1-2.fna&oh=00_AfBElXdvh-cW0hVmiUCDk9ejtoGta_Dn4C2CTJkcV4un3A&oe=65539C52,https://www.facebook.com/people/Palestine-under-attack/100067840552995/,https://www.facebook.com/permalink.php?story_fbid=pfbid032kAFcB4zsFuZmYgtXX5uZ22uYgAqNar3KodAcD4tq5y2fgTixNsT1uXqkh7iJDQSl&id=100067840552995,"وقفوا مايحدث فى فلسطين 
يكفي خطابات وتنديدات وتهديدات فارغة
ساعدووووهم بالفعل لا بالقول
وقفوا هذه الإبادة فوراً
أين الأردن والامارات والكويت وقطر ومصر والعالم أجمع 
أين أنتم ؟
#فلسطين
#stopwar
#isreal الحق&يرة",582,71,64330,257
UzpfSTEwMDA0NDU0NTM4OTE2ODo4NzA2MDIyNjc3Njc5NDU6ODcwNjAyMjY3NzY3OTQ1,2023-10-19T08:56:13.000Z,8.70602E+14,1.00045E+14,Avi Dandiya,https://scontent.fmem1-2.fna.fbcdn.net/v/t1.6435-1/162166712_283723886455789_6416719696906958117_n.jpg?stp=cp0_dst-jpg_p40x40&_nc_cat=108&ccb=1-7&_nc_sid=c7e18e&_nc_ohc=RL5bBoZKqNIAX_As4yN&_nc_ht=scontent.fmem1-2.fna&oh=00_AfCtZk8GqDpUTPA-YC9kN8Vqa9XjiKEj4NOs7c4qT9psGw&oe=657568F3,https://www.facebook.com/AviDandiyaOfficial,https://www.facebook.com/AviDandiyaOfficial/posts/pfbid0mZVS95nZvc7ykmZwDrurcaZ4sWHJM36wZANxqPN6Jqfxhe62oycQiLbMh1J5PmBHl,"अब अंधभक्त उर्फ़ झींगुर लोग भी तैयार है इज़राइल जाने के लिए लेकिन इन्हें अपनी फटी पुरानी हाल नहीं दिखती ख़ैर वो सब तो ठीक है लेकिन ये बताओ तुम लोग मणिपुर कब जाओगे। कमेंट में बताइए अपनी राय 🙏
#AviDandiya #palestine #israel #gaza #stopwar #israelpalestineconflict #AndhBhakts #GodiMedia #jhingur",615,33,6830,125
UzpfSTEwMDA4Mjk0MzE5MTA4NTozMTQ5ODg2OTc5NDI1Njg6MzE0OTg4Njk3OTQyNTY4,2023-10-27T10:33:59.000Z,3.14989E+14,1.00083E+14,Zindagi or aap,https://scontent.fmem1-2.fna.fbcdn.net/v/t39.30808-1/277813554_106049728737099_5311968122208479376_n.jpg?stp=cp0_dst-jpg_p40x40&_nc_cat=108&ccb=1-7&_nc_sid=5f2048&_nc_ohc=1uuDnSO0VHUAX-Ndn5u&_nc_ht=scontent.fmem1-2.fna&oh=00_AfBZAyQxZIjMenxh0o1bddVu7hxRn5NfJOj9HTBZDjL_zw&oe=6552276B,https://www.facebook.com/professorranaqaisararafat,https://www.facebook.com/professorranaqaisararafat/posts/pfbid0o4y7mRL3YqDXoDjPyR6XJLRDFiZoWumntK6TJDfW1yiZeZXfEw6meqhHzwjQEqHCl,#palastinestate #snookerplayere #zindagioraap #zindagioraap #FreePalestineHomeland #foryoureels #ایاک_نعبد_و_ایاک_نستعین #palastine #stopwar #snookertime #sullivancountyny,146,11,4075,438
UzpfSTEwMDAyNTM4MjA0MDMyNDpWSzoxNTAwMTg0Mzk3NDk3MzM0,2023-11-07T13:26:20.000Z,1.50018E+15,pfbid0oUtJbocgs3jdHr3wbMsGduKAXJdLcGxfVJ2TVfnDgQcGPUVGR8Qwyz8r4PgffRWol,Winter Zen,https://scontent-atl3-1.xx.fbcdn.net/v/t39.30808-1/387744143_1469200603935994_2026928128032031164_n.jpg?stp=cp0_dst-jpg_p24x24&_nc_cat=103&ccb=1-7&_nc_sid=5f2048&_nc_ohc=xl0yJn4t4dsAX879qwH&_nc_ht=scontent-atl3-1.xx&oh=00_AfD64aefv_5LEEfY1InDRAAplAE9EXcxUCW35YV392bBaw&oe=6553570A,,https://www.facebook.com/groups/1187656385416805/permalink/1500184397497334/,"Sometimes you can see the world better with your eyes closed 🫣 no peeking 🤭

Good night everyone...I hope the world will be better tomorrow with lots of smiles

Stay safe, stay healthy, stay pretty, be happy and extraordinary 🌹🤗

#fyp #fypシ゚ #betterworld #happiness #stopwar #BaiLu",196,7,,4
UzpfSTEwMDAwMzY3NDQ1ODk0ODozMTMxOTA2MTYzNjA4NTAxOjMxMzE5MDYxNjM2MDg1MDE=,2023-10-19T09:04:44.000Z,3.13191E+15,1.00004E+14,Ram Bechan Sada,https://scontent-hou1-1.xx.fbcdn.net/v/t39.30808-1/328740548_3373227259608432_2780236763042312344_n.jpg?stp=cp0_dst-jpg_p40x40&_nc_cat=104&ccb=1-7&_nc_sid=5f2048&_nc_ohc=if3Hq5m3AWcAX8aMkwC&_nc_ht=scontent-hou1-1.xx&oh=00_AfCLNNrD7E3tX6R3iaXmItG3ssvMv2Y7Ki-okasrf40bPA&oe=65535F20,https://www.facebook.com/bechan.sada,https://www.facebook.com/bechan.sada/posts/pfbid034uKCsCMcwLKBcG6WUfghJmQ4GQ54TXnnGH23mLbDu3taV22xY52S8rW8p94Vq73nl,"#source
#BBCNepali
#gajastripe 
#stopwar",6849,15,437525,447
UzpfSTEwMDA4NTA2MDU5ODAxOTozMDU4Njc1MDg5MjUyNjc6MzA1ODY3NTA4OTI1MjY3,2023-11-09T15:10:07.000Z,3.05868E+14,1.00085E+14,Війна Очима Українського Художника. Ребров Володимир,https://scontent-hou1-1.xx.fbcdn.net/v/t39.30808-1/314812343_130506016461418_4669954933741292340_n.jpg?stp=c89.116.799.800a_cp0_dst-jpg_s40x40&_nc_cat=102&ccb=1-7&_nc_sid=5f2048&_nc_ohc=kb0uhyvIO40AX9kSmBK&_nc_ht=scontent-hou1-1.xx&oh=00_AfAaRCwKmwmR6oMwj2hhJWObqzN0NXjZnYEglgR_dYwLNA&oe=65523358,https://www.facebook.com/RebrovVolodimir,https://www.facebook.com/RebrovVolodimir/posts/pfbid0Rd4jd2u3RHxG6DN4SbfySWuwTFfgZanvzAmBJskjNchZfSVbYchoNULzfSG6r8HBl,"Козацькому роду нема переводу.
©️ (Малюнок захищений авторським правом)

Честь для мене надихати українців.
https:/\/tiktok.com\/@kozakmuzon
https:\/\/youtube.com\/@kozakmuzon
https:\/\/www.instagram.com\/kozakmuzon\/

Художник: Війна Очима Українського Художника. Ребров Володимир 
Моя міжнародна сторінка у Facebook: War Through the Eyes of a Ukrainian  Artist. Volodymyr Rebrov 

Партнер проєкту: Рекламне Агентство Maxi-M.

❗️❗️❗️ Замовити від автора малюнків: Художній альбом, Портрет, Футболку можна за посиланням 
https:\/\/m.me\/RebrovVolodimir

Портрет від Реброва. Приклади портретів тут: https:\/\/www.facebook.com\/RebrovVolodimir\/posts\/131364659708887

Художній альбом від Реброва: https:\/\/www.facebook.com\/RebrovVolodimir\/videos\/1234157917270725

Футболки від Реброва. Каталог усіх принтов тут: https:\/\/www.facebook.com\/RebrovVolodimir\/posts\/103518032493550

Війна Очима Володимира Реброва. Хроніка 577 днів війни
https:\/\/www.facebook.com\/RebrovVolodimir\/videos\/3138792223097178

Альбом. Війна Очима Українського Художника https:\/\/www.facebook.com\/media\/set\/?set=a.238120909033261

Кращі роботи Володимира Реброва (частина 1)
https:\/\/fb.watch\/jndkYdBhD2\/

Кращі роботи Володимира Реброва (частина 2)
https:\/\/www.facebook.com\/RebrovVolodimir\/videos\/230891699515941

Кращі роботи Володимира Реброва (частина 3)
https:\/\/www.facebook.com\/RebrovVolodimir\/videos\/1393514174552177

Інтерв'ю із Володимиром Ребровим. (02.02.2023) https:\/\/www.facebook.com\/RebrovVolodimir\/videos\/950155265976044

©️ Захищено авторським правом. Не можна використовувати в комерційних цілях. Для публікації і друку звертайтесь до мене у директ https:\/\/m.me\/RebrovVolodimir

©️ Copyright is reserved. For any use, including social media, write me in direct

#RebrovVolodimir #rebrov0 @RebrovVolodimir @rebrov0 #stopwar #war #MaxiMAgentstvo #GoldenTimeTalent",284,10,524,19
UzpfSTEwMDA2Mzk5MTczMzU5OTo3NzcwNzQ1NTExMDIyNjI6Nzc3MDc0NTUxMTAyMjYy,2023-11-09T16:57:22.000Z,7.77075E+14,1.00064E+14,ChattalaTv,https://scontent-hou1-1.xx.fbcdn.net/v/t39.30808-1/257474559_356927559572042_3072843398890968739_n.jpg?stp=cp0_dst-jpg_p40x40&_nc_cat=110&ccb=1-7&_nc_sid=5f2048&_nc_ohc=KbfSa9v_zwsAX9UefXO&_nc_ht=scontent-hou1-1.xx&oh=00_AfDeWGCyY9tYL0QjmytV7IX--sOjxB8HipVKufuaWyFT2g&oe=65539A96,https://www.facebook.com/ChattalaTvNews,https://www.facebook.com/ChattalaTvNews/posts/pfbid0AfwJ9rJWAeYMFbYrUjfCgwu4Ku4D2S8vhbaXyPbVnPwFjL8LPLZub2zmdevg1PA7l,"Free Palestine গানের মাধ্যমে ফিলিস্তিনিদের উপর বর্বর,অ*মানু*ষিক, আ*ক্রমণের ভিন্নধর্মী  প্রতিবাদ - Organized By english Track
English Track #Bangladesh #FreePalestine #Chittagong #Palestine
#war #stopwar #EnglishTrack 
@highlight",82,2,1676,40
UzpfSTYxNTUxNjc0OTI3MDg2OjEyMjExNzY2NzM5MjA1NTgzMDoxMjIxMTc2NjczOTIwNTU4MzA=,2023-11-08T12:11:10.000Z,1.22118E+17,6.15517E+13,"Пам'ятні відео. Проект ""Maxi-M""",https://scontent-hou1-1.xx.fbcdn.net/v/t39.30808-1/386546701_122107987118055830_1712348647316647297_n.jpg?stp=c4.0.40.40a_cp0_dst-jpg_p40x40&_nc_cat=104&ccb=1-7&_nc_sid=5f2048&_nc_ohc=bdt9MS7nTd4AX_sKL3F&_nc_ht=scontent-hou1-1.xx&oh=00_AfDWl_yZh8nDX3wwcjGJthcLls09kgPbgKDpkrKjVmjHdg&oe=65531D8E,https://www.facebook.com/VideoPamyati,https://www.facebook.com/VideoPamyati/posts/pfbid0vsfns4ukA8bLLWMG4p9f1XgujSTG32TiB9jVJ2DrQkD8rqDp5DnVYy5yJUHrYnRl,"🇺🇦 ПРИСВЯЧУЄТЬСЯ ГЕРОЯМ УКРАЇНИ 🇺🇦 
які загинули в українсько-російській війні.
                        (2014-2023)

Назва вірша: ""І ЗНОВУ СЕРЦЕ РВЕТЬСЯ""
Автор вірша: Нескорені Війною. Ольга Киця 💙💛
Читає вірш: Ольга Киця 💙💛

Художник: Війна Очима Українського Художника. Ребров Володимир 
Партнер проєкту: Рекламне Агентство Maxi-M.

❗️❗️❗️ Замовити Відео Пам'яті за посиланням
  https:/\/m.me\/VideoPamyati
Частина коштів буде передана на допомогу ЗСУ🇺🇦

🇺🇦💔 І ЗНОВУ СЕРЦЕ РВЕТЬСЯ 💔🇺🇦
І знову серце рветься із грудей, 
Ридає мати гірко і невпинно.
Гарячі сльози котяться з очей,
В обійми смерть забрала її сина.

В душі вогонь випалює дотла,
Дружина плаче, вірить нема сили.
Чом доля так його не вберегла, 
За що кати її кохання вбили?

Він більше не стрічатиме весну,
Тепер його душа навіки з Богом.
Коли Господь зупинить цю  війну,
Настане мир і наша Перемога?

І скільки ще наставляють хрестів?
А скільки ще синів під ними буде?
Вже з Богом тисячі Захисників,
Під синьо-жовтим стягом гинуть люди.

Забрав Господь солдатове життя, 
Душа летить із янголом за хмари.
На жаль, назад немає вороття.
Та ворог ще діждеться за це кари.

Загинув у жорстокому бою,
Та завжди жив із вірою у серці,
Країну захищаючи свою
Одягся в камуфляж і взувся в берці.

На жаль, нема вже батька у дітей,
Вдовою залишилася дружина, 
Від болю і недоспаних ночей
Вона ридає й обіймає сина.

Вклоняємося низько до землі,
Тобі, Герою, вірному солдату,
Заплачуть і дорослі, і малі, 
І діточки прощаються із татом!

Героєм будеш вічно для людей
І пам'ять у серцях наших не згине,
Країну захищав ради дітей, 
Ти - наш Герой, ти - гордість України!

❗️❗️❗️ Увага. Запрошуємо до співпраці поетес та поетів, які пишуть вірші, а також можуть озвучувати їх. З питань звертайтеся за посиланням https:\/\/m.me\/VideoPamyati

#VideoPamyati #KytsiaOlga #MaxiMAgentstvo  #stopwar #war  #RebrovVolodimir #rebrov0   #stopwar #war",67,5,741,23
UzpfSTEwMDA1NzQyMzk5OTUxNjo4MjA4Mjc4ODY1MDgwMDQ6ODIwODI3ODg2NTA4MDA0,2023-11-09T17:04:01.000Z,8.20828E+14,1.00057E+14,ENAU : Ecole Nationale d'Architecture et d'Urbanisme de Tunis,https://scontent.fbgi3-1.fna.fbcdn.net/v/t39.30808-1/303656817_553476759909786_332087751728723834_n.jpg?stp=cp0_dst-jpg_p40x40&_nc_cat=109&ccb=1-7&_nc_sid=5f2048&_nc_ohc=yanBJM4Uli0AX-kbeFu&_nc_ht=scontent.fbgi3-1.fna&oh=00_AfBncllmdG-X9Z--ZHxxPE6oi5w0vTrrHxpWWtcytfQ2dw&oe=6551F23A,https://www.facebook.com/enaudaap,https://www.facebook.com/enaudaap/posts/pfbid02vXYmaxwBPbHu3UhGPqDYthQU6xr1Ach6BSDf6y9i89kSAe61m5iNbBkddyUUXFPdl,"L'ENAU et son Ecole Doctorale Sciences et Ingénierie Architecturales  sont fières de notre doctorante palestinienne Heba Wafi dont le projet a été retenu parmi les 30  sélectionnés,  dans le cadre des Doctoriales  de l'entrepreunariat et de la valorisation de la recherche organisés par l'AUF. Que dieu te protège pour mener à terme ton projet. ❤️🤲🙏 #Gaza #stopwar",77,8,,3
UzpfSTEwMDA4MzE0MDUxMTgxMjoyMzE0Nzg3NTk2MzM0NzM6MjMxNDc4NzU5NjMzNDcz,2023-06-07T09:49:02.000Z,2.31479E+14,1.00083E+14,Очевидцы / Witnesses,https://scontent.fbgi3-1.fna.fbcdn.net/v/t39.30808-1/295869200_143785781664129_3764794661632225646_n.jpg?stp=cp0_dst-jpg_p40x40&_nc_cat=100&ccb=1-7&_nc_sid=5f2048&_nc_ohc=5ex832nDcOoAX80Cwy-&_nc_ht=scontent.fbgi3-1.fna&oh=00_AfBqjSQoGW49TTpKIiK9rK3ARcdnRSgAtvSDBUdg7Q7L_g&oe=6552CE5B,https://www.facebook.com/people/%D0%9E%D1%87%D0%B5%D0%B2%D0%B8%D0%B4%D1%86%D1%8B-Witnesses/100083140511812/,https://www.facebook.com/permalink.php?story_fbid=pfbid029tBDHiAmkP23y6NTVf1nogKewSxBAUvPmmCSbEP1UoEzA6qFk59Nvu5FRpJCbMpWl&id=100083140511812,"«Это война не Путина, а российского общества»
Борис Керженцев (Тарасов) –  российский историк и публицист. Исследует проблему угнетения людей в Российской империи. Наиболее известная его книга – «Россия крепостная. История народного рабства»
#путин #stopputin #историк #очевидцы #нетвойне #сво #противвойны #спецоперация #stopwar",9798,716,153579,2152
UzpfSTEwMDA5MjU2NjI0MDQ3NjoyMzc3MDk4OTU5OTEyMTc6MjM3NzA5ODk1OTkxMjE3,2023-11-09T14:16:47.000Z,2.3771E+14,1.00093E+14,Wilford Quotes,https://scontent.fbgi3-1.fna.fbcdn.net/v/t39.30808-1/376619085_198844129877794_369386049728411646_n.jpg?stp=cp0_dst-jpg_p40x40&_nc_cat=108&ccb=1-7&_nc_sid=5f2048&_nc_ohc=CqD1X_3vXhwAX_CLbPU&_nc_ht=scontent.fbgi3-1.fna&oh=00_AfBXGas2X4g4K9x0rCAWKM5EzgONcS8k2FFBfCg-HbOG6g&oe=65527BCC,https://www.facebook.com/people/Wilford-Quotes/100092566240476/,https://www.facebook.com/permalink.php?story_fbid=pfbid02bgMZiG3AQoL6TMn2rXLkKQvEwq6HKwAxrrzRgQgdrfkh64m2tPPuwKuoLsKkrwsyl&id=100092566240476,#stopkillingkids #stopkillinginnocentcivillians #StopKillingJournalists #stopwar,118,6,,37
UzpfSTEwMDA2MzUwNTIzNDc0Nzo4MjgyMDAzODU5NzM0NjI6ODI4MjAwMzg1OTczNDYy,2023-10-18T18:06:21.000Z,8.282E+14,1.00064E+14,Pulo Jerri,https://scontent.fbgi3-1.fna.fbcdn.net/v/t39.30808-1/274299030_374326211360884_5284657102969057351_n.jpg?stp=cp0_dst-jpg_p40x40&_nc_cat=108&ccb=1-7&_nc_sid=5f2048&_nc_ohc=jqKR15oau38AX_vd_2P&_nc_ht=scontent.fbgi3-1.fna&oh=00_AfDwKFi87N5TMEo_w2NVGj-WYgypRD7egNi6HauoOOiQBA&oe=6552224F,https://www.facebook.com/pulojerri99,https://www.facebook.com/pulojerri99/posts/pfbid02sZm6SAjh4g8uwD75JXtPKFXoFftKBSqM8cfw2uazYuow9ycEifHZLAHfmafFLwiQl,"Pro humanity ✊🏾 🇵🇸 🇮🇱
#FreePalestine #Israel #middleeast #stopwar #islam #peace",4420,518,114674,1473
UzpfSTEwMDA2NzE5NDY2MzQwMDo0NjEyOTI5ODYxMjA1MjA6NDYxMjkyOTg2MTIwNTIw,2022-11-29T00:48:42.000Z,4.61293E+14,1.00067E+14,troffxm,https://scontent.fbgi3-1.fna.fbcdn.net/v/t39.30808-1/308659201_413271524256000_8446204597453035362_n.png?stp=cp0_dst-png_p40x40&_nc_cat=107&ccb=1-7&_nc_sid=5f2048&_nc_ohc=gtZQfvnV8isAX82I484&_nc_ht=scontent.fbgi3-1.fna&oh=00_AfBY2l42BADWpSLLWLNyypEVp6Gjd0rPCZS2HTK-1DpIAw&oe=65534285,https://www.facebook.com/people/troffxm/100067194663400/,https://www.facebook.com/permalink.php?story_fbid=pfbid02gYLS7YmFTgzCLLF3N3JwkerDyfjQptGcig7CyNmkkHyVPniy2z9bfbEPvwS6EYFQl&id=100067194663400,"Пітер Пен та Гаррі Троффер 💙💛 частина 2 !

#ukraine #stopwarinukraine #stopwar #russiaisaterroriststate #ukrainewar #breaking #bboyworld #bboymotivation #bboying #bboytroff #diya_tila #humor",25458,2444,1114828,4626
UzpfSTEwMDAwMDUxOTcyMDUxOTo3NDI5MzI1NTYzNzYxMzYxOjc0MjkzMjU1NjM3NjEzNjE=,2023-11-05T11:11:43.000Z,7.42933E+15,1.00001E+14,Roni Salam Tunggal,https://scontent.fbgi3-1.fna.fbcdn.net/v/t39.30808-1/362305819_7053289361364985_3782669338990092051_n.jpg?stp=cp0_dst-jpg_p40x40&_nc_cat=106&ccb=1-7&_nc_sid=5f2048&_nc_ohc=vkqOV7shu4EAX8G2Dqh&_nc_ht=scontent.fbgi3-1.fna&oh=00_AfBMRvtqsiUXx0yjDHmC4X7SQvqf6Icnp0UptlUaDZfLxQ&oe=6553C399,https://www.facebook.com/Rony.s.tunggal,https://www.facebook.com/Rony.s.tunggal/posts/pfbid0izJwEEpRmqAwMr4R4k46tpHEMQZMWUc5rzD297VQbowGDRowwbtHD9GP5saQLaa5l,"Berdoa untuk semua korban perang di belahan bumi manapun

Semoga damai terwujud di seluruh pelosok dunia

#stopwar
@pengikut 
@sorotan",73,100,288,1
UzpfSTEwMDAwMTYyMTYyMzEzMDo3MDUzMjU1NzU0NzM4NDA5OjcwNTMyNTU3NTQ3Mzg0MDk=,2023-11-03T15:57:58.000Z,7.05326E+15,pfbid02bwY1vRwqTGNQim7KWBeazp8TtgPSunmCyrCMc3SFsqvMVkfmGMvR5fhDd2b7P9LJl,Jr Kamal,https://scontent-lga3-2.xx.fbcdn.net/v/t1.6435-1/188697386_4210228105707869_7586634446854693023_n.jpg?stp=cp0_dst-jpg_p40x40&_nc_cat=109&ccb=1-7&_nc_sid=2b6aad&_nc_ohc=4kAAlK5VhfAAX827M5_&_nc_ht=scontent-lga3-2.xx&oh=00_AfDTwThDdQVEKA4iMAPVqP7Mu-wh4wt_VjA_hOyOGv9amA&oe=6575852B,https://www.facebook.com/jrkamal10,https://www.facebook.com/jrkamal10/posts/pfbid02cBqo4ypK56igEu4NGV44JYu8AF6qNFymqhHk3PxZH5uD1HV73xr7tPqzVazjGBvrl,#friday #جمعةمباركة #stopwar,431,0,5,56
UzpfSTEwMDAwMDQ4NDQ4MzUzNzo5NzkwMTk4OTk0MzM5NDg2Ojk3OTAxOTg5OTQzMzk0ODY=,2023-04-04T10:18:57.000Z,9.7902E+15,1E+14,Harmen Pane,https://scontent-lga3-2.xx.fbcdn.net/v/t39.30808-1/369723954_24401074309492046_2929292551818114827_n.jpg?stp=cp0_dst-jpg_p40x40&_nc_cat=104&ccb=1-7&_nc_sid=5f2048&_nc_ohc=mnWCFyfCCCgAX988gXx&_nc_ht=scontent-lga3-2.xx&oh=00_AfCLRmIAyrh2e0vHUM4qQyV-EcIpHhoyY7ekOmrcc8sE3w&oe=65529AA5,https://www.facebook.com/harmen.pane,https://www.facebook.com/harmen.pane/posts/pfbid02rZLJdjxGPUFWHKcoLG3gK1EWffQ3iKmVX7z7A3ByfJNmBdf1mg1qyEJtP9e52RWml,"Demi masa depan yg cerah 🤣🤣🤣🤣🤣🤣 biasa nak anak sembilanpuluan merasakan itu 
#ayobelajar #belajarngajianak #videolucu2023 #rhomadhon2023 #deolucu2023 #Hilingtipis2 #lucuviral #viraltiktok #videolucuabis #kucingviral #videokocak #videongakak #DOA #doaku  #doaibu #doapagi #doaharian #stopwar #stophoax",6680,3315,332571,514
UzpfSTEwMDA4NTEzMjEyNDU3ODoyOTY2Mzg5ODMxODM4Mzc6Mjk2NjM4OTgzMTgzODM3,2023-10-27T11:40:19.000Z,2.96639E+14,1.00085E+14,Viktor Pavliuk,https://scontent-lga3-1.xx.fbcdn.net/v/t39.30808-1/302048606_104521902393248_7109641024616450054_n.jpg?stp=cp0_dst-jpg_p40x40&_nc_cat=108&ccb=1-7&_nc_sid=5f2048&_nc_ohc=EPsKiRs2GmoAX-FxOYS&_nc_ht=scontent-lga3-1.xx&oh=00_AfBgVv8lBhgAPpzVXoJ3SFKfNSfOcFqwfAoVLEGakeFGTg&oe=6553DC5D,https://www.facebook.com/people/Viktor-Pavliuk/100085132124578/,https://www.facebook.com/permalink.php?story_fbid=pfbid06eLSu7HUYTcAZNG8GcGS7gfm8JpPNm8TMvNSVA8LSdVdtnU1eQ9BxWgjnDd9VW5ul&id=100085132124578,"Хто гроші солдата рахує?Автор слів: @olha_kicya .
Мелодія: @olexandrignatov 
#рек #top #war #stopwar #україна",878,28,6705,446
UzpfSTEwMDAwMTA5MzI0OTY1MTo2OTA2NjU4NzgyNzEzODI4OjY5MDY2NTg3ODI3MTM4Mjg=,2023-11-08T16:18:56.000Z,6.90666E+15,pfbid0QWdYLDxuqxawN1kwrV48yEL8xtsR86mZKunei4YhSe1SoeDzK9M2HS6g49yE9Q2Pl,Ahmad Ashour,https://scontent-lga3-1.xx.fbcdn.net/v/t39.30808-1/292218627_5348803011832754_5084538455908718090_n.jpg?stp=cp6_dst-jpg_p40x40&_nc_cat=102&ccb=1-7&_nc_sid=5f2048&_nc_ohc=iJ5d3wkb3LAAX94LeLO&_nc_ht=scontent-lga3-1.xx&oh=00_AfDwcs9e9p2UkKLfknfZ5mouIjmrxJ3p--9TGl5g3g1RsQ&oe=65528346,https://www.facebook.com/YaraatBigBrother,https://www.facebook.com/YaraatBigBrother/posts/pfbid0cVRfAqEBy84gfU4j2NU8b8vcFBi8gug5EvVVbYWVsCMGZQVwmDrUSv9JV4QfYezGl,"عبد الله ايطاليانو، هل هناك وقت للحزن على مطعمي وعائلتي المُفضل؟ ربما يفهم ذلك بعض أصدقائي وخاصة أحلام التي كتبت ""طعمُ فمي"" وأن ذاكرة الطعام جزءً أصيلًا من تركيبتنا الغير مفهومة!
اليوم انتهى للأبد الخلاف بين الأصدقاء على مكانِ العشاء في مشوارنا القصير في ساعات المساء ونقصت خياراتنا التي نتجادل حولها وقت خروجتنا الصغيرة الدافئة مع صديقي أحمد وجدال أطفالنا حول قرار أين نذهب والذي نأخذهُ دائماً متأخرين، ولن يجادل أحد عن أفضل مكان للمطبخ الإيطالي في البلد، 
لكنّ ما أفقدهُ أكثر بكثير من مجرد طعام. في زياراتي لهذا المطعم وبعد أن تحول من محلٍ صغيرٍ في شارع مشفى الشفاء ودوار أبو طلال لمطعمٍ كبير ومبنى ينتج أضعاف الكميات ويستقبل عشرات الزبائن في آنٍ واحد، كانت قصة عبد الله ملهمة لي على الدوام، كنتُ لا أنفك أتحدث عنها لكل أصدقائي عن كيف تعرفتُ على عبد الله ومحلهِ الصغير أول مرة. 

قبل حوالي عشر سنوات أو يقل، كنتُ أجلسُ في مقهى جفرا في #رام_الله حيث اعتاد في ذلك الوقت صديقي أبو جورج ومجموعة من أصدقائي أن نذهب، ليس لأن جفرا صاحب أطيب كاسة شاي وحسب، لكن لأننا كنا نلتقي بأصحاب المكان من عائلة صديقتنا سلوى ومجموعات أخرى من رفاقنا الحالمين والمشاغبين المعترضين على حال البلد ومؤسساتها وأسسوا فيما بينهم أحلاماً وطُرقاً جديدة للعيش والتمرد ما لبثت أن غلبها غُلبُ الحال وضيق أُفق السياسيين. 
كنتُ جالسًا في جفرا بضجيجهِ المعتاد، حتى عرِفت إحدى الصبايا في المكان والتي لا أذكر اسمها أني من غزة فجاءت لي بمجموعة من الكتب والروايات التي تشبهُ تماماً أحلامنا التي غدّتها الكتب في ذلك الوقت وطلبت مني إيصالها لصديقٍ لها في غزة مع ورقة صغيرة ورقم تليفون.

عدتُ لغزة واتصلتُ بصاحبِ الرقم ليقودني إلى ذلك العنوان في مطعمٍ صغيرٍ بالكادِ كان يعرفهُ أحد وقابلتُ عبد الله للمرة الأولى، ونمَت فيما بيننا صداقةً كانت دائمًا تحتل الوقت ما بين ال طلب وجهوزه، في حوارٍ قصيرٍ مكثفٍ حول الأدب وآخر أعمال كتابنا المفضلين وسؤالهِ الدائم عن ما جديدكم في تامر؟ كان عبد الله متابعاً جيدًا وقارئاً جيدًا رغم أنهُ كان يقضي وقتهُ كلهُ في هذا المطعم الصغير، والذي كما عرفنا بدأ كل الفكرة بعد أن يئس من حال البلد وفرص العمل فيها بعد أن عاد من أوروبا بشهادة الماجستير في الهندسة وبقيت معلقةعلى جدران مطعمهِ.

صديقاً ومهندس تحقيق أحلام وقارئاً وصاحب أطيب طعم للبيتزا مع سر""الصوص"" الذي حاولت أمي مرارًا بخبرتها الكبيرة فك شيفرتهُ ومكوناته دون جدوى، هكذا سأذكرك يا صديقي وهكذا ستعيش. 

إيطاليانو / Italiano

#أوقفوا_الحرب
#stopwar
#CessezLeFeu",55,7,,14
UzpfSTEwMDA2NDg0NDYxMTk2Mzo3MzU0MDI4NjUyOTc4NjE6NzM1NDAyODY1Mjk3ODYx,2023-10-19T06:21:54.000Z,7.35403E+14,1.00065E+14,Revista CLASS,https://scontent-lga3-2.xx.fbcdn.net/v/t39.30808-1/272022986_5368630863151021_1894872738954803188_n.jpg?stp=cp0_dst-jpg_p40x40&_nc_cat=109&ccb=1-7&_nc_sid=5f2048&_nc_ohc=zAtph3DuiAIAX95A-44&_nc_ht=scontent-lga3-2.xx&oh=00_AfCx0VKTnetQRbmSziQSWv1GFSR0vYCDlJWZ81LJD7K56w&oe=65522299,https://www.facebook.com/classmedial,https://www.facebook.com/classmedial/posts/pfbid0dgtCdjErQpte7UP1DQquseEYuGnXh89WLW6LzW2KvsQA2MVx1igaMKnRsq4nmefWl,"Një nga videot më të trishta që mund të gjeni në Internet😭💔 Vogëlushi i pafajshëm palestinez në gjendje shoku pas sulmit izraelit që i vrau familjen😭 Një mjek mundohet ta qetësojë dhe sjellë në vete.

#palestine #israel #gaza #stopwar #nottowar",567,50,7335,28
UzpfSTEwMDA0MTA0Nzk2MjQwNzoxMDgwMzkzMjUwMDA1NTk3OjEwODAzOTMyNTAwMDU1OTc=,2023-11-10T09:48:35.000Z,1.08039E+15,1.00041E+14,Mouad Aboulhana,https://scontent-lax3-2.xx.fbcdn.net/v/t39.30808-1/311778349_6429671130393881_1151492150295472297_n.jpg?stp=cp0_dst-jpg_p40x40&_nc_cat=107&ccb=1-7&_nc_sid=5f2048&_nc_ohc=Rh4ccPY1XF0AX_mpbBf&_nc_ht=scontent-lax3-2.xx&oh=00_AfDUyEzVFpMQ_w-BTambuBsb4gRBj7VzOuWRUwUwzjtAUg&oe=6552E917,https://www.facebook.com/mouadaboulhanaarts,https://www.facebook.com/mouadaboulhanaarts/posts/pfbid0epC3Yva5aNuLSJe6AHYRY5ekmPL1nj1MgTtH92cGqiRZZGHxhhvHinMq3MTeYYXBl,Juste #stopwar !,1,0,,0
UzpfSTEzOTIyNzc4NzE6MTAyMjUyMDE5NjU4MjE1MzA6MTAyMjUyMDE5NjU4MjE1MzA=,2023-11-04T18:45:02.000Z,1.02252E+16,1392277871,Hayma Faour,https://scontent-lax3-2.xx.fbcdn.net/v/t39.30808-1/387860224_10225055957171405_3975483417638827594_n.jpg?stp=cp0_dst-jpg_p40x40&_nc_cat=107&ccb=1-7&_nc_sid=5f2048&_nc_ohc=ElIaSoG5US4AX8JRoHC&_nc_ht=scontent-lax3-2.xx&oh=00_AfAsUehN_3omryviXriphXQdbG71PmuH2XTgj1D3IhuEVA&oe=6552C03F,https://www.facebook.com/hayma.faour,https://www.facebook.com/hayma.faour/posts/pfbid02Adn2QAWis4tjibLweHU4NkZhXiyHVFe5yESuhLNn4hM8xxhDhfxQT8LWG1fKSX5l,#freepalestine #stopwar #explore #duet #viralvideos #viral #fyp #duet #due,185,23,6180,28
UzpfSTEwMDAwODM1NDcxMDQwMDozNTMyNzUyODEwMzQ2NTA4OjM1MzI3NTI4MTAzNDY1MDg=,2023-11-01T19:51:11.000Z,3.53275E+15,1.00008E+14,Maqbool Hussain Paracha,https://scontent-lax3-1.xx.fbcdn.net/v/t39.30808-1/349561529_824272626043254_3554712032183741973_n.jpg?stp=cp0_dst-jpg_p40x40&_nc_cat=102&ccb=1-7&_nc_sid=5f2048&_nc_ohc=g072_9MfLKUAX-wRyZC&_nc_ht=scontent-lax3-1.xx&oh=00_AfDGUiqXoj7NE6pLd5Wjm8fhHiodMCu3Krw3Y9X_stWlJQ&oe=6552AC8A,https://www.facebook.com/maqbool.iryan,https://www.facebook.com/maqbool.iryan/posts/pfbid02oGepFtBmTKC8hqtfTEzaeDwitJHsnY6cCmGfH8hdVv3rL1gvWu8CwFqJxUnzajbvl,#پاراچنار #Parachinar #stopwar,86,1,4928,169
UzpfSTEwMDAwMzUxMjMyMzU4OTo2NTMxNDkyNTEwMzExMDk1OjY1MzE0OTI1MTAzMTEwOTU=,2023-11-09T17:26:15.000Z,6.53149E+15,pfbid02jkRtQtqDQJSWo9iZq5h5qhj9DGPxgTLX1BRQPNFEMgW9WqXhoCu3FghQ9HfVDMVyl,Amene Lajnef Sahlia,https://scontent-lax3-2.xx.fbcdn.net/v/t1.6435-1/126031735_3273566369437075_211952240185208868_n.jpg?stp=cp0_dst-jpg_p40x40&_nc_cat=101&ccb=1-7&_nc_sid=2b6aad&_nc_ohc=hjzoeivhPSMAX_QKBmB&_nc_ht=scontent-lax3-2.xx&oh=00_AfBKo0eJfaQJuT5AVteSD51aaQoESP84ivxvoFbqodeXHg&oe=65757F86,https://www.facebook.com/amene.lajnef,https://www.facebook.com/amene.lajnef/posts/pfbid02X9pA1p1rmiE9SdFVbtu7EEcz9aXLFxK2kMaYjFDryhNNWacVa4uWucsibTjDvbV8l,"L’art est une forme d’expression.
My pal❤️est💚tin🖤ien🤍 Mandala
Tunisian Mandala by Amene Lajnef
.
.
.
#mandala #explore #liberty #stopgenocide #stopwar #expression #art #arabic #arab",22,10,279,1
UzpfSTEwMDA3MDg1MDg4NzQ5MjozNjAwNTE2NzMwMzMxOTM6MzYwMDUxNjczMDMzMTkz,2023-10-31T11:23:56.000Z,3.60052E+14,1.00071E+14,E Samakalin - ই সমকালীন,https://scontent-lax3-2.xx.fbcdn.net/v/t39.30808-1/216564451_101786738852915_3641576667335603362_n.jpg?stp=cp0_dst-jpg_p40x40&_nc_cat=1&ccb=1-7&_nc_sid=5f2048&_nc_ohc=ZU0k2PNeOuYAX_FMnyH&_nc_ht=scontent-lax3-2.xx&oh=00_AfC25szzr6TTHSPOH3m6Uw9efjjMIaZ1MWYTgydcggt_iw&oe=655304C9,https://www.facebook.com/esamakalin,https://www.facebook.com/esamakalin/posts/pfbid0ZZpfg68CDM8ZSzVaTAJ71tzQLmtMXV2UxSadjQvVicmF3tA8hk7jUpmyjF2BBos7l,"যুদ্ধে বিরতি চাইছেন দুই দেশের নাগরিকেরা‌। ধ্বংসস্তূপে পরিণত হচ্ছে গাজা প্রদেশ।

#Gaza #Israel #IsraelHamaswar #Citizen #Breakinthewar #Stopwar #Esamakalin 

প্রায় একমাস হতে চলল ইজরায়েল ও হামাসের যুদ্ধ। দিন দিন আরও ভয়ঙ্কর রূপ নিচ্ছে এই দুই দেশের লড়াই। তবে এই মুহূর্তে হামাসকে রীতিমতো কোনঠাসা করেছে ইহুদি দেশ ইজরায়েল। বর্তমানে গাজা ভূখণ্ডের এক একটা অংশ ধরে ধরে হামাসের আস্তানাগুলিকে সাফ করে এগিয়ে যাচ্ছে ইহুদি সেনাবাহিনী। বর্তমানে এই রণকৌশল নিয়েছে ইজরায়েল। ইন্টারনেট, ফোনের নেটওয়ার্ক সম্পূর্ণ বিচ্ছিন্ন। যুদ্ধ বন্ধের জন্য বিভিন্ন দেশ থেকে বারংবার অনুরোধ ভেসে আসছে ইজরায়েলের প্রেসিডেন্ট নেতানিয়াহুর কাছে। তবে সেই সব অনুরোধে কান দিতে নারাজ নেতানিয়াহু। তাঁর স্পষ্ট বার্তা, এই মুহূর্তে যুদ্ধ থামানোর কোনও পরিকল্পনাই নেই। আরও দীর্ঘস্থায়ী হবে যুদ্ধ।",12964,876,687660,744
UzpfSTEwMDA2MzUwMzQxOTMyNDo4MzM2MjM4OTg3NjQzODM6ODMzNjIzODk4NzY0Mzgz,2023-11-09T18:30:01.000Z,8.33624E+14,1.00064E+14,Suneer Mehmood,https://scontent.fgla3-1.fna.fbcdn.net/v/t39.30808-1/357115848_747655170694590_7562195651063505705_n.jpg?stp=cp6_dst-jpg_p40x40&_nc_cat=111&ccb=1-7&_nc_sid=5f2048&_nc_ohc=3eA_c9-SdP0AX8SVQgK&_nc_ht=scontent.fgla3-1.fna&oh=00_AfAYuDTbOnTDVkU7YtAiJGEnTrCWwxHm1kDVakn2A14RSQ&oe=6552BDC2,https://www.facebook.com/suneermehmoodofficial,https://www.facebook.com/suneermehmoodofficial/posts/pfbid0335viTd374a7LH5KseggS1PnWrjUs5mjUwQcJ2Kva7zrp27cD6RPbRQDbMGpBK6CPl,"Dear friends,

Sharing my collaboration with sir Faridoon Shahryar

Our humble version of the classic #WeAreTheWorld

A much needed message during this time…

Let’s spread love, brotherhood and humanity…

On a personal note, use headphones 🎧 so that you could listen to what all I did 😄…

#wearetheworld #FaridoonShahryar #suneermehmood #stopwar #humanity #brotherhood #compassion #classic",14,1,142,2
UzpfSTEwMDA2NDc1MzAyODQyMDo3MzIyMzczOTU2MTEzNTU6NzMyMjM3Mzk1NjExMzU1,2023-11-08T06:52:41.000Z,7.32237E+14,1.00065E+14,Ryan sketch20 ph,https://scontent.fgla3-2.fna.fbcdn.net/v/t39.30808-1/292671693_410657694435995_8791134322693416752_n.jpg?stp=c7.0.40.40a_cp0_dst-jpg_p40x40&_nc_cat=100&ccb=1-7&_nc_sid=5f2048&_nc_ohc=vDJnLObyqfQAX9Hs04q&_nc_ht=scontent.fgla3-2.fna&oh=00_AfBnbUMKzeNZ4TxqXLKkcbvx4isTtcJZPezdbvVRZ150ag&oe=6552903F,https://www.facebook.com/CARCEDORYAN,https://www.facebook.com/CARCEDORYAN/posts/pfbid02sT6gea4LbNVJsMhaAfysMkhWk7chwkXkXQAPATCsaQn3cYmwGgUQ1zPj6DbxQ58vl,A Tribute Drawing to Children in Gaza 🇵🇸  #art #drawingoftheday #drawingsketch #mydrawing #ChildrenInGaza #tributedrawing غزة الآن - Gaza Now  #LetThereBePeaceOnEarth #staysafe #stopwar,18,18,89,0
UzpfSTEwMDAwNTYwNzE1Mzg0NjpWSzo3MDc1MTM0ODI5MTczNTU5,2023-11-06T19:44:40.000Z,7.07513E+15,pfbid0279byTSJ1kfCvrEFjPPBwS6MCEZYFMtY8wqUU3c5g1W8rDiiGngNfmK7U6Dq6bc9al,Антон Яцик,https://scontent.fgla3-2.fna.fbcdn.net/v/t1.6435-1/95833080_1297720673758159_6163213988847943680_n.jpg?stp=c13.0.24.24a_cp0_dst-jpg_p24x24&_nc_cat=107&ccb=1-7&_nc_sid=2b6aad&_nc_ohc=S0U024sOkhkAX9LCEfP&_nc_ht=scontent.fgla3-2.fna&oh=00_AfCeZjfz6QKoWiUzt-7JHFhmk5fUT8tlXOHH3_0OjCcz4A&oe=65756449,https://www.facebook.com/people/%D0%90%D0%BD%D1%82%D0%BE%D0%BD-%D0%AF%D1%86%D0%B8%D0%BA/pfbid0279byTSJ1kfCvrEFjPPBwS6MCEZYFMtY8wqUU3c5g1W8rDiiGngNfmK7U6Dq6bc9al/,https://www.facebook.com/groups/1016681285018974/permalink/7075134829173559/,"Anton Yatsyk 
""Defoliation"", 2023, 
""Watercolor Travels"" series 
paper, watercolor 52x36 cm.

#watercolor #travel #art #village #landscape #ukraine #stopwar #autumn #defoliation",107,17,,9
UzpfSTEwMDAwNTk5OTY1ODkwMzoyMzY4NzA3MTczMzM5MjQ4OjIzNjg3MDcxNzMzMzkyNDg=,2023-11-09T13:14:11.000Z,2.36871E+15,pfbid0t2X2h3Ydws6gwrsmwxnBiDeRgYBwuQUiZxsdLkcpqAtfu8tztGkRwoDbkkSbiMhyl,Aparna R,https://scontent.fgla3-2.fna.fbcdn.net/v/t39.30808-1/327439767_680260937224266_4153771032828006563_n.jpg?stp=cp0_dst-jpg_p40x40&_nc_cat=106&ccb=1-7&_nc_sid=5f2048&_nc_ohc=iQBVJuv0lQoAX-Q1xqd&_nc_ht=scontent.fgla3-2.fna&oh=00_AfDFZ7J_b4co7mlmVYule7Kn-js5r5WgViZ9f18DzYJr1A&oe=6552F5E4,,https://www.facebook.com/permalink.php?story_fbid=pfbid0ZnvmcQh9ciAfUVLDMcqqxgmDq9gkPTQUSZMCpdAPARuTrnQbi6jmQrbgkAZ6GFcol&id=100005999658903,"'Mankind must put an end to war before war put an end to mankind'
#stopwar #standWithPalastine",16,1,,2
UzpfSTEwMDA1MDYyOTIzMzE2Mzo4NzYxMzE3NTc0MTc3OTE6ODc2MTMxNzU3NDE3Nzkx,2023-10-24T01:36:23.000Z,8.76132E+14,1.00051E+14,Sonia Nassery Cole Page,https://scontent.fgla3-2.fna.fbcdn.net/v/t1.6435-1/162314558_272572731107033_5805131709770607304_n.jpg?stp=c0.0.40.40a_cp0_dst-jpg_p40x40&_nc_cat=104&ccb=1-7&_nc_sid=c7e18e&_nc_ohc=TCOhSkVtQmgAX8HEqsK&_nc_ht=scontent.fgla3-2.fna&oh=00_AfBrpTJiiqivYFRfUydc1nB-sKI2_A26NEvjh2fxntN2CQ&oe=65757815,https://www.facebook.com/people/Sonia-Nassery-Cole-Page/100050629233163/,https://www.facebook.com/permalink.php?story_fbid=pfbid0TcVyFFephxtEyNPK2zWEhDqYuCfTSDgaUvCxpynXVbpFfiMG6GDc3tBBze7sDeeGl&id=100050629233163,"such an incredible speech!!! I fully support and agree with every word he said now do something!!! Justice for all !!! 

ISRAEL-HAMAS WAR
Speech of Abdullah II - King of Jordan - speaking at the Cairo Peace Summit.
#Israel #IsraelAttack #Gazabombing #Gaza
#GazaWar #GazaUnderSiege #Gaza_Genocide #Palestine #PalestineWar
#Palestinelsraelwar
#Palestinelsrae|Conflict
#Jordan
#CairoSummitForPeace
#CairoPeaceSummit #Cairo #Cairo_Peace_Summit #Cairo_Summit_For_Peace #stopwar #humanity
Full speech on YouTube",2533,515,65542,544
UzpfSTEwMDAwNTYwNzE1Mzg0NjpWSzo5ODkzNTU5OTU1MDUyODQ=,2023-11-06T18:53:47.000Z,9.89356E+14,pfbid0279byTSJ1kfCvrEFjPPBwS6MCEZYFMtY8wqUU3c5g1W8rDiiGngNfmK7U6Dq6bc9al,Антон Яцик,https://scontent.fgla3-2.fna.fbcdn.net/v/t1.6435-1/95833080_1297720673758159_6163213988847943680_n.jpg?stp=c13.0.24.24a_cp0_dst-jpg_p24x24&_nc_cat=107&ccb=1-7&_nc_sid=2b6aad&_nc_ohc=S0U024sOkhkAX9LCEfP&_nc_ht=scontent.fgla3-2.fna&oh=00_AfCeZjfz6QKoWiUzt-7JHFhmk5fUT8tlXOHH3_0OjCcz4A&oe=65756449,https://www.facebook.com/people/%D0%90%D0%BD%D1%82%D0%BE%D0%BD-%D0%AF%D1%86%D0%B8%D0%BA/pfbid0279byTSJ1kfCvrEFjPPBwS6MCEZYFMtY8wqUU3c5g1W8rDiiGngNfmK7U6Dq6bc9al/,https://www.facebook.com/groups/206034013837490/permalink/989355995505284/,"Anton Yatsyk 
""Defoliation"", 2023, 
""Watercolor Travels"" series 
paper, watercolor 52x36 cm.

#watercolor #travel #art #village #landscape #ukraine #stopwar #autumn #defoliation",20,14,,0
UzpfSTEwMDA2MTM0MDA0ODYyNjo3MTcxNDgyMTcwMDY1MDc6NzE3MTQ4MjE3MDA2NTA3,2023-11-09T03:21:26.000Z,7.17148E+14,pfbid0385mfrjk4o4iieUQaVJRcimZ7eW9ZisLm3K12ATPe6idDEzBftbbraGxsR4rkLN8Pl,Benito Raúl,https://scontent-man2-1.xx.fbcdn.net/v/t39.30808-1/273543119_336352708419395_8307314787059747347_n.jpg?stp=cp0_dst-jpg_p40x40&_nc_cat=110&ccb=1-7&_nc_sid=5f2048&_nc_ohc=itklBgm475gAX92MwGF&_nc_ht=scontent-man2-1.xx&oh=00_AfD_Np-No4qLk3qRJo0dWwGbuZ4jH0YGCVoxPIWU6iQY1g&oe=655272A2,https://www.facebook.com/benito.raul.94,https://www.facebook.com/benito.raul.94/posts/pfbid0Gmn31G1CFAbvZrhu9ygpJV5JwHQCJJaZ7Q7b3J7rzMB6cH14yLHSiLj3LCK7zDhHl,🤍VIDA es VIDA 🤍 🙏 😇  #lifeislife                                     #peace                                       #stopwar                                     #middleeastern                      #viralreels                             #viralreels23                                        #aroundtheworld,2,0,,2
UzpfSTEwMDAwMTkyNDk1Njk2MDo5NTEyODgzMzk4Nzg1NzMxOjk1MTI4ODMzOTg3ODU3MzE=,2023-07-16T07:36:08.000Z,9.51288E+15,pfbid02guQvzfRkdnGumVtSf5s26ST2nUtssvaTViJf6zpuCwMGdaTXcZmimzDeETVFWSEpl,Олександр Ліщук,https://scontent-man2-1.xx.fbcdn.net/v/t39.30808-1/277006552_7061852450555517_5308881586886847697_n.jpg?stp=cp0_dst-jpg_p40x40&_nc_cat=108&ccb=1-7&_nc_sid=5f2048&_nc_ohc=F2sC8QAVaKMAX_o2zIS&_nc_ht=scontent-man2-1.xx&oh=00_AfC7VNVSjqBBXJjRdM1QvDy1kWYgpef1_--t84-JGp4S0Q&oe=65526807,https://www.facebook.com/people/%D0%9E%D0%BB%D0%B5%D0%BA%D1%81%D0%B0%D0%BD%D0%B4%D1%80-%D0%9B%D1%96%D1%89%D1%83%D0%BA/pfbid02guQvzfRkdnGumVtSf5s26ST2nUtssvaTViJf6zpuCwMGdaTXcZmimzDeETVFWSEpl/,https://www.facebook.com/permalink.php?story_fbid=pfbid02PVYiCbPn19dpR8vVQz8C6riaHkg4vitsSg7rihFmxSCMEyfVXSYyaXe74w5y76Rul&id=100001924956960,"Навіки в наших серцях. Герой України 🇺🇦🇺🇦🇺🇦
#україна #україна #геройукраїни #saveukraine #ukraine #ukraine #stopwar",215,86,1,161
UzpfSTEwMDA1MDM5MTMxNDIwNjo5MDU1MTkwOTQ0NzExMjY6OTA1NTE5MDk0NDcxMTI2,2023-10-18T06:22:49.000Z,9.05519E+14,1.0005E+14,Ahmet Baran,https://scontent-man2-1.xx.fbcdn.net/v/t39.30808-1/378977572_886775983012104_2650223943954260967_n.jpg?stp=cp0_dst-jpg_p40x40&_nc_cat=104&ccb=1-7&_nc_sid=5f2048&_nc_ohc=XqLPiiLJ_ewAX88NVT2&_nc_ht=scontent-man2-1.xx&oh=00_AfAlnkor0lp3vTnZ7Eu_DMF1rTdwfdhdWQoaefl13YdWeQ&oe=65524F8E,https://www.facebook.com/ahmetbaranmusic,https://www.facebook.com/ahmetbaranmusic/posts/pfbid02xALqrt3ZDXEKcSNyxvgJ1YyFLZfDH9S2T62tRmbxkLyG464ZUM8crg75ZtQYXt3Rl,"Çocukların Davası yoktur.
Çocukların Dini,Dili,Irkı yoktur.
Yaradılıştan dolayı her dinde kutsaldır.
Yanlış mı hatırlıyoruz bize öğretilen bu evrensel doğruları ?

Gazzeli çocuklar yaşadığı korkudan dolayı atak geçiriyor, küçücük bedenlerine, korku dolu gözlerine “insan” bakmaya utanıyor, akıl almıyor, kalp dayanmıyor.
Çocuklar ölmesin, sevdiklerinden mahrum büyümesin demek koca koca liderlere zor geliyor.

Bize de savaşın bile onurunu koruyamadığımız bir güne uyanmak, binlerce acının içinde en az acıtanını paylaşmaya çalışıp, küçücük mecralarımızdan ses vermeye çabalamak, günaydın demeye utanmak düşüyor.

Günaydın “insanlık”❗️
Bu gün kendini utandıracak bir şey yapma olur mu ?

#GazzeUnderAttac #PalestineGenocide #hospitalbag ombing #StopWar",62,17,3844,95
UzpfSTEwMDA2MTk4NTI3NjM2Mzo2ODUxMzI0MzY4OTYyNTk6Njg1MTMyNDM2ODk2MjU5,2023-10-18T13:10:24.000Z,6.85132E+14,1.00062E+14,Joy Obog,https://scontent-man2-1.xx.fbcdn.net/v/t39.30808-1/323025359_573061524635611_6254844345117127242_n.jpg?stp=cp0_dst-jpg_p40x40&_nc_cat=104&ccb=1-7&_nc_sid=5f2048&_nc_ohc=6BwAPrdv21YAX8Mp2fT&_nc_ht=scontent-man2-1.xx&oh=00_AfC29Ou2eDxedLimSjqLDb4cP3MWHrTiEsbcsww6PRbpwg&oe=65530910,https://www.facebook.com/joy.obog.7,https://www.facebook.com/joy.obog.7/posts/pfbid026HhFWpP1VS3yG3eeXZnn3m7USGNNm6qeaWv8Hfu8WL9Aib9ED5aCqd3gPriXN624l,"#fypシ゚ 
#followers 
#stopwar 
#peaceandlove",596,3,18846,20
UzpfSTEwMDAyMjQ3MjI3MjAxNjoxMTUxNjkxODc1NTg5ODc3OjExNTE2OTE4NzU1ODk4Nzc=,2022-04-24T11:25:30.000Z,1.15169E+15,pfbid031mv9ToP4knTPS5XzccQSccN6oURGKw5zstgpdAPXAdpvskZwvxX2cbmog8tvFJBkl,Aks Khan,https://scontent-man2-1.xx.fbcdn.net/v/t39.30808-1/358374398_1436867790405616_5962811768941564285_n.jpg?stp=cp0_dst-jpg_p40x40&_nc_cat=101&ccb=1-7&_nc_sid=5f2048&_nc_ohc=nYDWTIpVrKgAX-QtsF-&_nc_ht=scontent-man2-1.xx&oh=00_AfDzilpuj3KhApneY_4FIhZOHxczWxd-5Hx-Pby6GYhD7Q&oe=65523D5B,https://www.facebook.com/ammarudai.ammarudai,https://www.facebook.com/ammarudai.ammarudai/posts/pfbid0iiN9LedLENxoKoYCxM4YR6X2MkS8sbsewEjcjKfX5jbYDpWyEr3x8sBrc46nCagUl,दुनिया का दूसरा इजराइल बनता हुआ भारत #SaveIndianMuslim  #stopwar,2170,1492,,408
UzpfSTEwMDA0NzkyNzk4MjMyMDo4NDE0MzkwMTQxMzAzNTc6ODQxNDM5MDE0MTMwMzU3,2023-11-07T01:10:11.000Z,8.41439E+14,1.00048E+14,Herv Pastika,https://scontent-atl3-1.xx.fbcdn.net/v/t39.30808-1/398449691_839049617702630_2109816954827253645_n.jpg?stp=cp0_dst-jpg_p40x40&_nc_cat=103&ccb=1-7&_nc_sid=5f2048&_nc_ohc=p3QhmKJwkj4AX_KxMwG&_nc_ht=scontent-atl3-1.xx&oh=00_AfAaId4-Rc1MQRhi3UwySanB1Jf0XLa2CYAsAx_opIvR5g&oe=65523D95,,https://www.facebook.com/heru.pastika/posts/pfbid0yv22inbtxh3XMecaHvSmHxZTtNhbjiqHZTn3dBgCH3rGRkRGqVT9Zda3eyUDpchKl,"Karya Kecil, dalam doa yg besar 🤲🇵🇸 🇵🇸❤

#freepalestine #stopwar #palestina",246,17,9716,32
UzpfSTEwMDA0NDQxNDU5MDA2OTo4ODYzMDQwMTk1MjY3NDM6ODg2MzA0MDE5NTI2NzQz,2023-10-22T11:43:52.000Z,8.86304E+14,1.00044E+14,Mandi Fisher,https://scontent-atl3-1.xx.fbcdn.net/v/t39.30808-1/250615581_431843148306168_5893522831746982806_n.jpg?stp=cp0_dst-jpg_p40x40&_nc_cat=1&ccb=1-7&_nc_sid=5f2048&_nc_ohc=fGpIyPz_aPAAX9VbVQo&_nc_ht=scontent-atl3-1.xx&oh=00_AfCpquxofGEAPALYQz6GHccTIpUPCkglhJw3S-J25MXS0A&oe=6553E881,https://www.facebook.com/MandiFisherMusic,https://www.facebook.com/MandiFisherMusic/posts/pfbid06J2HhQuPsEQWCpMzzuQBFoSzLTvLzgZ7wsKt7hGWSU1grrEkawnoaAjsTF6GqMdol,Praying for our world right now 🙏 #endwar #stopwar #whereisthelove #mandifisher,701,31,10878,158
UzpfSTEwMDA0NTU5NTY4NjIxNzo4ODA4MTAxNDAxMTU1MDE6ODgwODEwMTQwMTE1NTAx,2023-11-09T20:18:48.000Z,8.8081E+14,1.00046E+14,Melanie Vautier,https://scontent-atl3-2.xx.fbcdn.net/v/t39.30808-1/396059910_873934580803057_1140736114106107688_n.jpg?stp=cp0_dst-jpg_p40x40&_nc_cat=102&ccb=1-7&_nc_sid=5f2048&_nc_ohc=zMJe1jmxC-0AX9pu-5n&_nc_ht=scontent-atl3-2.xx&oh=00_AfBdxnurxBp-rhDv6HuD0uCOBKFLRLVTGiLJPCijLvr2sQ&oe=65530364,https://www.facebook.com/melanevautier,https://www.facebook.com/melanevautier/posts/pfbid02c1aP5vsVogUi5Q7LrUyCrwoX1DpwnQ327G2xxS2xXxvo9UzxUS82Aa5bFbNnUkK4l,"🇵🇸⚽️ Un supporter interrompt le match de Ligue des Champions à Copenhague, au Danemark, entre Copenhague et Manchester United, en envahissant le terrain en courant et portant un drapeau palestinien pour demander un cessez-le-feu avec les mots ""Arrêtez de tuer des enfants à Gaza"" et ""Unissons-nous"".
_
#gaza #stopwar",11,1,63,4
UzpfSTYxNTUyMDA4NTAzMzI2OjEyMjExNTc0MTY2MjA2Njk1MDoxMjIxMTU3NDE2NjIwNjY5NTA=,2023-10-21T09:32:32.000Z,1.22116E+17,pfbid0ras3ToRGpH2h14ndtsyeucjnh92G2eoXSA6Uq31VYsGNqapbkcB6Gw8o6Y5QSM2Al,Nermina Ramić,https://scontent-atl3-1.xx.fbcdn.net/v/t39.30808-1/400174824_122123052098066950_7815108230650896075_n.jpg?stp=cp0_dst-jpg_p40x40&_nc_cat=106&ccb=1-7&_nc_sid=5f2048&_nc_ohc=ueWppiNLHPMAX8slreP&_nc_ht=scontent-atl3-1.xx&oh=00_AfBO_4z9a0GbgMnAg_GtzdlI7Kh8Wm-uimbS9398niW8hQ&oe=65533ECF,,https://www.facebook.com/permalink.php?story_fbid=pfbid02Rdq1qEHJV9GeAeWRwN6RrxEhVtMXskB4RWpidQKfbNYgNkRg1axLNMShLbmyoUurl&id=61552008503326,#Facebook #facebookreels #stopwar #freedom #fyyyyyyp #foryoupage #islam #freepalestine #palestine #stopkill,316,0,2,172
UzpfSTEwMDA0NDI2NTM3NzY5MTo4ODg4MTk0NzkyNzAyMjM6ODg4ODE5NDc5MjcwMjIz,2023-11-08T10:39:48.000Z,8.88819E+14,1.00044E+14,Michele Piras,https://scontent-atl3-2.xx.fbcdn.net/v/t39.30808-1/332066460_1850432078659936_4180106225359968102_n.jpg?stp=cp0_dst-jpg_p40x40&_nc_cat=101&ccb=1-7&_nc_sid=5f2048&_nc_ohc=AnnJK7AGhxcAX8AdsDE&_nc_ht=scontent-atl3-2.xx&oh=00_AfBu7i2RBXWzKF_FK8qvZCj696pZSfOYUG-LOOQnLeMPyA&oe=6553A362,https://www.facebook.com/michelepiras.politico,https://www.facebook.com/michelepiras.politico/posts/pfbid02ukZ4SELw4dmD8sUQCqXFGTBTbbg7Nx5T5k61e8LN41sgxBkKafbg8YnYNMQnXTvvl,"“Gaza resti palestinese”: Israele alla fine ha fatto incazzare persino gli Usa, facendo fare ai principali alleati e a Blinken la figura dei pracottari. 

Perché in fondo si è capita la strategia di Netanyahu e del suo Governo di fanatici e integralisti: distruggere tutto, cacciare i palestinesi oltre il confine egiziano, prendersi tutta la Striscia, occuparla per un “tempo indefinito”. 

Ovvero ciò che fanno da sempre, non una grande notizia ma una conferma. 

L’estrema destra israeliana ha distrutto, pezzo dopo pezzo, il processo di Pace di Oslo, sollecitato e provocato l’incendio per decenni, ottenuto ciò che vuole: una Striscia di terra in più verso il folle progetto del Grande Israele, la terra che Dio gli avrebbe promesso addirittura 4000 anni fa. 

La cosa sconcertante è che c’è ancora qualcuno che la chiama Democrazia. 

#stopwar
#SaveGaza
#FreePalestine
#SaveTheChildren
#UnitedNations",165,25,,79
UzpfSTEwMDAwMzUxMTQ3NjczMjo2Mzk4NDk4OTgwMjc3MDg4OjYzOTg0OTg5ODAyNzcwODg=,2023-09-25T12:48:29.000Z,6.3985E+15,pfbid0P6ivfTZ3QUmsLZEBMJjrBMVdnm7KD3wCmrpzxZ9amheaWPGaEytPBMTB15SVwCWol,Maria  Taratunskaya,https://scontent-atl3-1.xx.fbcdn.net/v/t39.30808-1/383222201_6399392450187741_6466215136800851897_n.jpg?stp=cp0_dst-jpg_p40x40&_nc_cat=108&ccb=1-7&_nc_sid=5f2048&_nc_ohc=QybM28vJaawAX-Y2zpq&_nc_ht=scontent-atl3-1.xx&oh=00_AfDTf-s5FTQ9mkon2puh419aWbJpyFSiqBHNCRcvFFWvuQ&oe=65523340,https://www.facebook.com/maria.taratunskaya,https://www.facebook.com/maria.taratunskaya/posts/pfbid0XAoFN6M6Q3BB1iNUf12AQ6XWBCfcFvUqpshe9CnYjMksyRPYYUSYhg5KRdNQKfNTl,"Привіт, Одесо...Ти у горі...Але будь ласочка живи!Ми біль потопимо у морі.Москва, нас більше не гніви!!!… (c) Таратунська Марія  #нівійні  #Odessa #stopwar",96,0,131,521
UzpfSTEwMDA1Nzc5NzMyODE1Mjo3MzY4OTkzMjQ5MTMzMDU6NzM2ODk5MzI0OTEzMzA1,2023-10-14T02:39:03.000Z,7.36899E+14,1.00058E+14,Rexy Yxer,https://scontent.fiad1-1.fna.fbcdn.net/v/t1.6435-1/183326694_199848411951735_8507977943117488215_n.jpg?stp=cp0_dst-jpg_p40x40&_nc_cat=103&ccb=1-7&_nc_sid=0222cc&_nc_ohc=quFodTVJvy0AX_KibeF&_nc_ht=scontent.fiad1-1.fna&oh=00_AfAYDHTCGZugV3gWzKSlQAfY41b2b85y2jbaiYWbNmbXFQ&oe=65757638,https://www.facebook.com/rexy.galang.9,https://www.facebook.com/rexy.galang.9/posts/pfbid02r71mNu4aecRdnvMeaAr2GpsyaY6RunKHtLxfUnKFC1gFUfgDNL6swRFj5SD9wr2Gl,Somebody needs to hear this today....  #bekind #givepeaceachance #stopwar,159,162,661,3
UzpfSTEwMDA0NDEzMTUyMTM3ODo5MjUxOTA3ODIyOTUyOTc6OTI1MTkwNzgyMjk1Mjk3,2023-10-28T14:00:29.000Z,9.25191E+14,1.00044E+14,DMARK,https://scontent.fiad1-1.fna.fbcdn.net/v/t1.6435-1/124912950_207310924083290_6981463462317047949_n.jpg?stp=cp0_dst-jpg_p40x40&_nc_cat=101&ccb=1-7&_nc_sid=c7e18e&_nc_ohc=SipOeUkpRLoAX_lBq84&_nc_ht=scontent.fiad1-1.fna&oh=00_AfDvSYgToo6K6PscVn2fAqy7XA7zgoVUdJJ61m4WsGttTg&oe=6575659A,https://www.facebook.com/DMARKDONTFORGET,https://www.facebook.com/DMARKDONTFORGET/posts/pfbid0mnVBFxxeZd66Nn3QEwn1VvKUZPLDKm3FdCeftZRcHFnwHsTp15saZvYUt2x7kYqdl,"☮️PEACE FOR THE WORLD☮️
The World was- The World is- and The World will be forever a Place with really much Love and alot of Hate.. 
I only wanna let you know..Iam in love with LOVE!!
 Cant say more under this upload in that crazy time we are living...... ❤️☮️ 
.
#graffiti #waitfortheend #style #PEACE #dmarkgraffiti #sketching #handmade #art #viralart #STOPWAR #LOVE #oneline #doodle",366,12,7334,84
UzpfSTEwMDA4Mjk0MzE5MTA4NTozMTQ5ODU3OTc5NDI4NTg6MzE0OTg1Nzk3OTQyODU4,2023-10-27T10:27:41.000Z,3.14986E+14,1.00083E+14,Zindagi or aap,https://scontent.fiad1-1.fna.fbcdn.net/v/t39.30808-1/277813554_106049728737099_5311968122208479376_n.jpg?stp=cp0_dst-jpg_p40x40&_nc_cat=108&ccb=1-7&_nc_sid=5f2048&_nc_ohc=1uuDnSO0VHUAX-GI4ZQ&_nc_ht=scontent.fiad1-1.fna&oh=00_AfAeLvDkBqTMJJybG7H_TYA6ali-iiPS53maoHbVEbPVwg&oe=6552276B,https://www.facebook.com/professorranaqaisararafat,https://www.facebook.com/professorranaqaisararafat/posts/pfbid0yJrQ2HwNBk5G1Rrpgvmw6HrJiqd7EDA7o3j3YTLb6Db2ZgKt6TXyFa8yiQShV49tl,#palastinestate #snookerplayere #zindagioraap #FreePalestineHomeland #foryoureels #ایاک_نعبد_و_ایاک_نستعین #palastine #stopwar #snookertime #sullivancountyny,785,22,14692,1109
UzpfSTEwMDA0NDI5MDg3NjMwNzo1NTQxOTE5MjI3MzM4MzI6NTU0MTkxOTIyNzMzODMy,2022-04-08T12:18:35.000Z,5.54192E+14,1.00044E+14,Mesut Özil,https://scontent.fiad1-1.fna.fbcdn.net/v/t39.30808-1/365134753_876138687205819_5670861921495911758_n.jpg?stp=cp0_dst-jpg_p40x40&_nc_cat=104&ccb=1-7&_nc_sid=5f2048&_nc_ohc=HGfi_pTXsdsAX98BUxW&_nc_ht=scontent.fiad1-1.fna&oh=00_AfA29KeInQrwi1FEHpvNOupJeUBv1CZ_B2Ct-aiFeuLXAA&oe=6551FDF2,https://www.facebook.com/mesutoezil,https://www.facebook.com/mesutoezil/posts/pfbid026sSWoSbNMfbHPXDNj5FA7AGHw5QzgyaQNVfEKiXVTYYqu34yScrWaHrowkjTu7Vpl,"Let's keep praying for peace in the world 🌎🕊️ - not just in Ukraine 🇺🇦, but also in Palestine🇵🇸, Syria🇸🇾, Yemen🇾🇪, Iraq🇮🇶 and all other places in the world where people are suffering from war 🤲🏼☪️

 #StopWAR #JummaMubarak #M1Ö",239119,12801,890184,5064
UzpfSTEwMDA2NDA4NjkxMzM1Mjo4MDI0NzgzNzUyMzE3MTk6ODAyNDc4Mzc1MjMxNzE5,2023-11-05T21:24:47.000Z,8.02478E+14,1.00064E+14,Joel Salcedo Vlog,https://scontent.fdet2-1.fna.fbcdn.net/v/t1.6435-1/210065629_181814403964789_830959763154184848_n.jpg?stp=cp0_dst-jpg_p40x40&_nc_cat=100&ccb=1-7&_nc_sid=c7e18e&_nc_ohc=WtN6y_uAEVEAX_ktb82&_nc_ht=scontent.fdet2-1.fna&oh=00_AfBLg9ZPNKHtIiRnmKUI-MR6bDCGtWq_FF8bYvo-EcxZbw&oe=65758250,https://www.facebook.com/people/Joel-Salcedo-Vlog/100064086913352/,https://www.facebook.com/permalink.php?story_fbid=pfbid0WQ2EQzuVmPHC5fuafkU6Bf3U47dzXrUkR9dwM6BCiKyo8hzZPkn4zHFke5oLZcJXl&id=100064086913352,#stopwar #israel #palestine,23,12,90,35
UzpfSTYxNTUwOTEwMzI5NzE5OjEyMjEzNTIxNTE4NDAzMDM0NDoxMjIxMzUyMTUxODQwMzAzNDQ=,2023-11-07T13:25:08.000Z,1.22135E+17,6.15509E+13,Mahdi & Maha's world ,https://scontent-iad3-1.xx.fbcdn.net/v/t39.30808-1/371764053_2553360964818707_4896476017584716939_n.jpg?stp=c16.0.40.40a_cp0_dst-jpg_p40x40&_nc_cat=102&ccb=1-7&_nc_sid=5f2048&_nc_ohc=vywBBhlQJbwAX9KpBXw&_nc_ht=scontent-iad3-1.xx&oh=00_AfAsf9ZQd-TFFV2rLxCaXiSjWq-rgXKZDjlJN58olLBrZQ&oe=65538286,https://www.facebook.com/people/Mahdi-Mahas-world/61550910329719/,https://www.facebook.com/permalink.php?story_fbid=pfbid02EbkMDPnDKDcGD7fzzMri5h8aExC8CW13qQaxGU3JFh4XnsUieWydkBov7dF7o9LNl&id=61550910329719,"#filistin #win
 #War #stopwar #islamic #post #reelsfb #everyone #reels2023",412,1,1089,20
